idade;evasao;genero_id;estado_civil_id;formacao_id;departamento_id;faixa_salarial_id;cargo_id;tempo_trabalho;quantidade_empresas_trabalhou;quantidade_anos_trabalhados_anteriormente;faculdade_id;aumento_percentual_do_salario;distancia_de_casa;anos_com_o_atual_gestor;anos_na_empresa;cpf
41;Sim;0;0;0;1;11;0;4;8;8;2;11;1;5;6;77627114367
49;Não;1;2;0;0;10;1;7;1;10;3;23;8;7;10;10985367177
37;Sim;1;0;4;0;4;2;0;6;7;2;15;2;0;0;38458610573
33;Não;0;2;0;0;5;1;7;1;8;1;11;3;0;8;95259724396
27;Não;1;2;1;0;6;2;2;9;6;3;12;2;2;2;75098503248
32;Não;1;0;0;0;6;2;7;0;8;2;13;2;6;7;28575615593
59;Não;0;2;1;0;5;2;0;4;12;0;20;3;0;1;92967802618
30;Não;1;1;0;0;5;2;0;1;1;3;22;24;0;1;88040433827
38;Não;1;0;0;0;19;3;7;0;10;0;21;23;8;9;3911858052
36;Não;1;2;1;0;10;4;7;6;17;0;13;27;7;7;16176692277
35;Não;1;2;1;0;4;2;4;0;6;0;13;16;3;5;38910374737
29;Não;0;0;0;0;8;2;5;0;10;2;12;15;8;9;72368271854
31;Não;1;1;0;0;5;1;2;1;5;3;17;26;3;5;64935138110
34;Não;1;1;1;0;5;2;2;0;3;2;11;19;2;2;48693642132
28;Sim;1;0;0;0;4;2;2;5;6;0;14;24;3;4;84765633502
29;Não;0;1;0;0;19;3;9;1;10;1;11;21;8;10;86934708731
32;Não;1;1;0;0;6;1;2;0;7;2;12;5;5;6;1435868069
22;Não;1;1;1;0;5;2;0;1;1;2;13;16;0;1;90712403447
53;Não;0;2;0;1;30;5;8;2;31;1;16;2;7;25;55522114315
38;Não;1;0;0;0;7;1;2;5;6;0;11;2;2;3;16617073446
24;Não;0;1;4;0;8;3;2;0;5;2;18;11;3;4;38529372253
36;Sim;1;0;0;1;6;6;3;7;10;1;23;9;3;5;300722110
34;Não;0;0;0;0;23;7;6;0;13;1;11;7;11;12;80837551924
21;Não;1;0;0;0;2;1;0;1;0;2;14;15;0;0;26396188650
34;Sim;1;0;1;0;5;1;2;2;8;3;11;6;3;4;47255735506
53;Não;0;1;4;0;30;5;13;4;26;0;11;5;8;14;30611969517
32;Sim;0;0;0;0;7;1;2;1;10;3;22;16;7;10;76540352486
42;Não;1;2;2;1;13;0;7;0;10;1;11;8;2;9;52417073574
44;Não;0;2;1;0;20;4;6;3;24;1;14;7;17;22;39045324980
46;Não;0;0;2;1;30;5;2;3;22;1;12;2;1;2;40877645232
33;Não;1;0;1;0;4;2;1;4;7;0;11;2;0;1;83512432626
44;Não;1;2;4;0;12;4;2;2;9;1;13;10;3;4;17550502140
30;Não;1;0;1;0;4;2;0;1;10;2;13;9;8;10;81652275561
39;Sim;1;2;3;1;4;6;0;3;19;0;14;5;0;1;7814437701
24;Sim;1;2;1;0;4;1;0;2;6;0;16;1;0;2;66406667817
43;Não;0;1;1;0;5;1;3;1;6;2;12;2;4;5;18560990939
50;Sim;1;2;2;1;5;6;2;1;3;2;14;3;2;3;48880122952
35;Não;0;2;2;1;4;6;2;1;2;0;13;2;2;2;5509565941
36;Não;0;2;0;0;6;1;1;9;6;1;14;5;0;1;39547615712
33;Não;0;2;0;1;10;0;3;2;10;0;19;1;3;5;12562273272
35;Não;1;1;4;0;3;2;0;1;1;2;12;4;0;1;25286355121
27;Não;0;1;0;0;4;2;0;1;1;1;13;2;0;1;31236392488
26;Sim;1;0;0;0;4;2;0;1;1;0;12;25;1;1;47444821918
27;Não;1;0;0;1;17;0;8;1;9;0;15;8;7;9;70559415946
30;Não;0;0;1;0;8;2;8;1;12;2;23;1;7;12;17719769987
41;Sim;0;2;3;0;30;7;15;1;23;0;12;12;8;22;79389555732
34;Não;1;0;2;1;9;0;5;0;10;1;20;23;7;9;96366630121
37;Não;1;2;0;0;6;1;0;4;8;2;21;19;0;1;62817423452
46;Não;1;0;2;1;11;0;6;4;14;1;21;5;8;9;12058079857
35;Não;1;2;0;0;4;2;0;1;1;3;19;8;1;1;72284259132
48;Sim;1;0;0;0;10;2;0;9;23;2;13;1;0;1;49716871127
28;Sim;1;0;3;0;6;2;2;1;2;1;13;5;2;2;7842142063
44;Não;0;1;2;1;10;0;3;5;9;4;21;1;3;4;2989550317
35;Não;1;2;1;0;19;4;0;2;10;2;13;11;3;4;8724466707
26;Não;0;2;2;1;8;0;2;7;5;0;19;23;0;2;38750996183
33;Não;0;0;0;0;26;7;14;1;15;2;12;1;12;15;35055889609
35;Não;1;2;0;1;18;0;8;1;9;4;22;18;8;9;36094394192
35;Não;0;2;1;0;8;2;2;3;4;1;15;23;2;2;18270348079
31;Não;1;1;0;0;11;2;7;3;10;1;22;7;7;7;78715087977
37;Não;1;1;0;0;11;3;5;1;7;1;18;1;7;7;60099359815
32;Não;1;2;1;0;12;3;8;1;9;0;22;1;8;9;17189773636
38;Não;0;0;0;0;4;2;3;1;10;4;11;29;9;10;51598855376
50;Não;0;1;1;0;30;7;3;5;29;2;12;7;8;27;61423700661
59;Não;0;0;0;1;15;0;16;7;28;0;11;25;9;21;43634435493
36;Não;0;1;3;0;20;4;14;1;17;0;13;8;8;17;1914664
55;Não;0;1;1;0;29;5;0;2;21;0;14;8;2;5;33291092710
36;Não;1;0;0;0;12;3;5;1;6;0;13;11;3;6;62330334244
45;Não;1;1;0;0;19;1;0;2;25;0;17;7;0;1;57801232330
35;Não;1;2;1;0;4;1;2;4;5;0;13;1;2;3;39228726397
36;Sim;1;2;1;0;6;1;0;0;2;0;17;9;0;1;52100667354
59;Não;0;0;0;1;10;0;3;7;20;3;11;1;3;4;86893659882
29;Não;1;2;0;0;5;1;4;0;6;0;23;2;4;5;70628717966
31;Não;1;0;1;0;5;1;1;1;1;1;17;1;0;1;26850056373
32;Não;1;2;0;0;12;1;4;1;10;0;17;1;9;10;51105864479
36;Não;0;2;0;0;6;2;0;3;5;0;12;6;0;1;35020543063
31;Não;0;0;0;0;8;3;7;1;11;1;23;8;8;11;24624241311
35;Não;1;0;2;1;8;0;13;0;16;1;14;1;8;15;14386379846
45;Não;1;2;4;0;26;7;0;4;17;1;14;6;0;0;2388879968
37;Não;1;0;1;0;27;7;2;4;16;1;13;7;2;5;39813199514
46;Não;1;1;1;2;10;8;2;8;16;2;22;5;2;4;9749140545
30;Não;1;2;0;0;10;2;8;1;10;3;12;1;0;10;71077362627
35;Não;1;0;1;0;5;1;4;1;6;0;18;1;4;6;66784325537
55;Não;1;2;0;1;20;0;0;3;24;2;14;1;0;1;38374293768
38;Não;0;1;1;0;10;1;11;7;17;0;12;6;9;13;22301073401
34;Não;1;2;1;0;8;3;2;1;5;2;15;1;3;5;21274455580
56;Não;1;0;0;0;14;3;4;4;37;0;11;7;2;6;84221442030
23;Não;1;1;3;1;4;6;0;3;3;3;13;2;0;0;48905572854
51;Não;1;2;0;0;4;2;2;3;10;1;23;9;3;4;43780241570
30;Não;1;2;0;0;8;4;10;1;11;0;19;2;8;11;40495088134
46;Sim;1;0;1;1;19;0;8;1;9;2;16;9;7;9;41368323215
40;Não;1;2;0;0;27;4;3;1;22;1;22;1;11;22;34102438918
51;Não;1;0;2;1;10;0;7;0;11;1;22;21;0;10;35723454653
30;Não;0;1;1;1;10;0;8;1;11;2;12;4;7;11;74904557095
46;Não;1;2;1;0;21;4;9;2;21;0;13;1;5;10;33764498959
32;Não;1;0;1;1;10;0;8;1;12;1;16;6;7;11;75319603941
54;Não;0;2;3;0;27;7;3;9;16;1;12;2;3;4;38156449833
24;Não;0;2;4;1;9;0;2;0;4;2;21;3;2;3;91757020624
28;Não;1;2;1;1;8;0;4;1;5;0;15;4;4;5;28839358665
58;Não;1;0;1;1;27;0;10;0;38;1;13;10;8;37;25359432670
44;Não;1;2;1;0;4;2;2;4;17;0;12;23;2;3;71588290665
37;Sim;1;1;5;2;4;8;2;4;7;1;22;6;2;3;36838207618
32;Não;1;0;0;0;5;1;0;1;1;3;13;1;0;1;95179316860
20;Sim;0;0;0;0;5;2;0;1;1;0;18;6;0;1;98351041716
34;Não;0;0;4;0;9;1;13;1;16;1;14;6;10;16;67360083513
37;Não;1;1;0;0;10;4;0;5;17;2;14;2;0;1;86091638944
59;Não;0;2;5;2;30;5;2;9;30;1;21;2;2;3;87660704695
50;Não;0;2;0;0;30;7;3;3;28;0;19;1;7;8;64124830685
25;Sim;1;0;2;1;11;0;4;1;6;0;11;5;3;6;97558539466
25;Não;1;2;1;0;5;1;2;1;2;3;11;7;1;2;1552087422
22;Não;0;0;1;0;5;2;0;1;1;0;15;15;0;0;24280724565
51;Não;0;0;1;0;14;4;12;3;23;1;20;1;8;13;60880967980
34;Sim;1;0;0;0;12;2;7;1;9;0;24;7;6;9;36745765312
54;Não;0;0;5;2;30;5;3;2;23;0;12;26;4;5;46964096265
24;Não;1;2;0;0;5;2;3;0;6;3;12;18;2;5;80200357316
34;Não;0;1;0;0;9;1;0;6;12;1;15;6;0;1;931230155
37;Não;1;0;0;1;14;0;3;2;12;0;12;3;3;5;85720603162
34;Não;0;0;1;0;23;5;10;2;14;0;12;5;8;11;34447743971
36;Não;0;2;3;1;19;0;7;0;10;2;14;11;8;9;83782397334
36;Não;0;1;0;0;5;2;0;5;7;2;22;3;0;1;8306306810
43;Não;1;2;0;1;30;5;12;1;25;2;12;26;12;25;43444485408
30;Não;1;1;0;0;5;1;7;1;10;0;25;23;9;10;17309239247
33;Não;1;2;2;1;12;0;7;0;8;2;13;22;7;7;63894141322
56;Sim;0;2;0;0;9;1;4;9;7;1;18;14;3;5;38555259977
51;Não;1;0;0;0;30;7;18;7;23;0;13;6;15;20;98397761204
31;Sim;1;2;0;1;12;0;7;4;12;1;18;6;7;7;27438819585
26;Não;0;2;4;0;4;1;4;1;5;0;19;6;3;5;80511826080
58;Sim;0;2;1;0;20;4;10;1;40;1;12;23;6;40;16450770976
19;Sim;1;0;2;1;3;6;0;1;0;3;19;22;0;0;68660307820
22;Não;1;2;3;0;5;2;1;0;3;3;14;2;1;2;95752987878
49;Não;0;2;1;0;13;3;11;1;16;1;14;20;11;15;36538537839
43;Não;0;0;1;0;9;1;2;4;18;0;12;28;2;3;93407475958
50;Não;0;0;2;1;18;0;2;4;16;0;11;12;1;2;54842000850
31;Sim;0;2;0;1;9;0;2;3;4;0;11;20;2;2;48050952420
41;Não;1;1;0;1;16;0;7;3;12;3;13;9;7;9;64412200019
26;Não;0;2;0;2;5;8;7;1;8;3;23;25;7;8;49676517156
36;Não;1;1;1;0;9;3;2;6;7;2;20;6;1;3;89767319421
51;Sim;1;0;0;0;21;3;2;2;18;1;15;8;3;4;26394798980
39;Não;0;2;0;1;11;0;11;4;17;1;14;4;9;15;61624207259
25;Não;1;2;0;1;17;0;2;2;6;0;18;28;2;2;60318414009
30;Não;1;2;5;2;12;8;9;0;12;0;19;9;7;11;50622287343
32;Sim;0;0;1;0;8;2;4;7;10;0;22;9;4;5;44908070244
45;Não;1;0;1;0;6;1;5;5;9;0;13;29;3;6;84273149316
38;Não;0;0;3;0;8;1;2;3;19;4;20;3;2;3;53524047946
30;Não;0;0;0;0;5;1;4;1;5;0;14;18;4;5;72363241463
32;Não;1;1;1;1;9;0;7;0;9;2;17;9;7;8;16304909858
30;Não;0;1;3;0;6;1;2;5;8;0;14;5;2;3;48184182994
30;Não;1;0;1;0;5;2;3;0;6;3;13;2;2;5;62077963701
41;Não;1;1;0;0;30;5;6;4;21;0;13;10;7;7;24091670091
41;Não;1;2;0;0;4;2;0;2;7;1;21;9;4;5;90169347408
19;Não;0;0;1;0;2;2;0;1;1;3;14;3;0;1;16340824793
40;Não;0;1;1;0;11;1;7;1;20;0;11;26;13;20;6738705081
35;Não;1;2;2;1;14;0;8;1;10;4;13;1;6;10;69125333631
53;Não;1;2;2;1;4;6;7;2;13;2;20;6;5;7;67830179649
45;Não;1;1;0;0;4;2;9;8;20;0;18;9;15;17;33831882000
32;Não;0;0;2;1;17;0;8;1;9;0;14;8;7;9;64417808581
29;Não;1;2;3;0;8;3;7;1;10;3;13;1;9;10;25135789691
51;Não;1;2;1;0;12;3;0;2;10;1;17;7;0;1;14091412180
58;Não;0;2;1;0;6;1;0;4;9;0;20;9;0;1;62102911487
40;Não;1;2;2;1;21;0;11;7;15;1;11;4;11;12;80388042163
34;Não;0;2;2;1;4;6;3;6;6;1;18;2;2;4;33889215002
22;Não;1;2;1;0;4;1;2;1;2;3;24;19;2;2;53774747971
27;Não;1;1;1;0;4;1;2;6;6;0;18;9;2;2;91892318433
28;Não;1;2;1;0;5;1;2;1;5;0;11;21;2;5;9984617239
57;Não;1;1;0;0;18;4;3;3;12;2;16;24;4;5;79777496314
27;Não;1;1;1;0;5;1;1;1;1;0;15;3;1;1;11956409762
50;Não;0;0;0;0;30;5;4;3;21;0;15;11;4;5;94832014074
41;Não;1;1;0;0;4;1;8;4;13;0;12;14;8;9;51144854906
30;Não;0;2;0;1;18;0;9;2;12;0;12;5;4;10;41399968078
38;Não;0;0;0;1;17;0;3;4;12;1;22;1;7;8;51482067656
32;Não;1;0;0;0;6;1;4;3;8;4;20;6;4;5;83266919994
27;Não;1;2;3;0;6;1;2;0;6;0;16;17;1;5;40735153813
19;Sim;0;0;3;1;4;6;0;0;1;3;21;1;0;0;72213481855
36;Não;1;0;1;0;4;2;7;4;13;2;12;3;2;8;72184465534
30;Não;1;1;1;0;6;2;9;1;12;0;11;9;10;12;20651209976
45;Não;0;1;0;1;10;0;4;4;9;2;11;4;3;5;60875616848
56;Não;0;1;0;0;8;1;2;4;19;0;18;8;2;2;90346664099
33;Não;1;0;0;0;5;1;1;0;4;0;14;2;2;3;12509596730
19;Sim;1;0;0;0;2;2;0;1;1;0;22;2;0;1;93862079966
46;Não;0;1;2;1;20;0;13;1;24;2;25;1;7;24;95529376618
38;Não;0;0;0;0;4;2;2;1;2;2;12;9;1;2;42888679706
31;Não;0;2;1;0;7;1;2;8;7;3;23;12;2;4;67240547466
34;Não;0;0;1;0;4;1;2;2;9;2;15;27;2;3;2517901935
41;Sim;0;0;2;1;6;6;3;1;4;2;22;20;2;4;22372522107
50;Não;1;2;1;0;7;2;2;2;5;0;15;1;2;3;55309107099
53;Não;0;1;1;0;8;3;2;1;5;2;11;13;3;4;77428841777
33;Não;0;2;1;0;5;1;7;1;8;0;13;14;6;8;60501411777
40;Não;0;2;1;0;30;5;8;1;21;3;14;4;9;20;55423387263
55;Não;1;0;1;0;30;7;15;8;36;1;11;14;15;24;67881548840
34;Não;1;2;0;0;19;3;9;1;10;3;17;2;9;10;46453985242
51;Não;0;0;1;0;27;4;7;3;21;0;18;3;0;7;20966001637
52;Não;1;2;0;0;30;5;18;0;34;1;14;1;9;33;41540822380
27;Não;0;0;1;0;4;1;7;1;7;0;16;9;3;7;63610446628
35;Sim;1;2;0;0;11;3;0;3;8;2;13;23;1;1;15692618298
43;Não;1;1;1;0;4;1;4;4;7;0;14;7;2;5;61504149515
45;Não;1;2;1;0;30;5;8;9;22;2;23;2;8;20;8881768868
37;Não;1;2;0;0;7;1;7;1;8;0;12;21;7;8;62423933444
35;Não;0;0;1;0;8;2;2;5;10;0;11;2;2;6;79317443307
42;Não;0;1;1;0;10;3;3;2;11;2;16;21;2;5;63238588207
38;Não;1;2;0;0;13;3;0;9;14;1;14;2;0;1;69338382339
38;Não;1;2;3;0;12;3;7;3;9;0;18;29;7;7;88205275567
27;Não;1;2;3;0;8;3;2;5;6;3;19;1;0;2;32791360746
49;Não;1;1;0;0;13;3;7;1;7;1;15;18;7;7;7169263295
34;Não;1;1;1;0;7;1;3;1;5;1;17;10;0;5;83126549017
40;Não;1;2;1;0;5;2;2;8;15;2;15;19;7;7;59902871043
38;Sim;1;2;1;0;13;4;0;7;17;3;19;29;0;1;33609525693
29;Sim;0;2;2;1;15;0;4;1;10;0;22;27;9;10;91830343129
22;Não;1;1;0;0;4;1;2;1;4;0;16;5;2;4;47183191069
36;Não;0;0;1;0;4;2;1;1;8;3;13;18;7;8;70381638991
40;Não;1;2;0;0;9;4;2;9;5;4;14;9;2;3;14369795443
46;Não;1;1;1;0;18;4;2;7;17;1;16;1;3;4;1194123574
32;Sim;1;2;1;1;20;0;8;1;14;1;11;4;8;14;38344588108
30;Não;1;0;0;0;16;3;8;1;12;3;22;1;8;11;37711762719
27;Não;0;0;0;1;19;0;7;1;7;0;14;20;7;7;59166136592
51;Não;1;2;0;0;24;7;9;5;16;1;16;8;7;10;2741131283
30;Sim;0;0;3;0;5;1;2;5;8;0;11;3;4;5;74540616456
41;Não;0;0;0;1;27;5;0;3;16;0;18;6;0;1;63313223917
30;Sim;0;0;2;1;13;0;3;5;9;1;15;26;1;6;13194550452
29;Sim;1;0;3;0;4;1;2;0;7;0;14;1;5;6;59002308139
45;Não;0;0;1;1;17;0;7;6;23;0;12;6;8;19;78686690860
54;Não;0;2;2;1;11;0;2;2;16;0;14;3;5;6;35089136646
36;Não;1;0;0;0;11;2;11;8;16;2;16;5;7;13;23423202559
33;Não;0;2;1;0;5;1;2;6;7;1;21;4;1;3;5524697939
37;Não;1;1;4;0;24;7;8;1;10;0;14;11;7;10;86237425776
38;Não;1;1;0;1;21;0;10;0;17;0;12;3;13;16;89265851848
31;Não;1;2;1;0;8;3;4;0;6;1;12;1;4;5;72519035959
59;Não;1;2;0;0;4;1;0;3;7;0;17;3;0;1;34407958879
37;Não;1;1;2;1;5;6;8;4;13;1;17;4;8;9;14673865017
29;Não;0;2;1;1;15;0;10;1;11;3;14;1;1;11;60610115795
35;Não;0;0;2;1;17;0;7;1;10;0;14;1;8;10;7640793677
29;Sim;1;0;1;0;4;1;3;1;4;3;13;18;1;4;82474518065
52;Não;0;0;0;0;6;2;2;7;6;0;15;2;2;2;61737224479
42;Não;1;2;3;0;30;5;17;1;22;2;11;4;15;22;94542532751
59;Não;1;2;1;2;4;8;2;8;7;2;17;6;2;2;7210334745
50;Não;0;1;1;1;30;5;0;3;32;1;11;1;6;7;38924622310
33;Sim;1;2;1;0;4;2;4;5;8;0;13;14;4;5;24288194571
43;Não;0;2;2;1;30;5;13;5;22;0;22;16;9;17;74114798026
33;Sim;0;2;0;0;5;2;7;7;13;2;20;2;7;9;60453992887
52;Não;1;0;0;1;30;5;7;1;33;1;18;2;12;33;67394824653
32;Não;0;2;0;1;7;6;3;2;6;2;11;4;2;4;30078042185
32;Sim;1;0;0;0;7;2;2;0;4;0;14;1;2;3;86545860665
39;Não;0;1;1;0;4;2;2;7;7;1;14;1;2;3;35469440847
32;Não;1;2;2;1;8;0;2;0;4;1;18;26;2;3;81016406142
41;Não;1;1;0;0;6;1;0;2;17;2;16;19;0;1;75136436879
40;Não;1;1;3;0;6;1;8;1;9;2;17;24;7;9;33617233384
45;Não;1;2;4;0;30;5;0;0;25;0;11;1;7;24;97526388569
31;Não;1;1;1;0;27;7;2;9;9;1;12;3;2;2;84981717236
33;Não;0;2;0;0;5;1;2;1;2;1;13;5;2;2;38710613515
34;Não;1;2;0;0;11;3;9;6;13;1;13;2;9;11;34185049825
37;Não;0;2;1;0;7;1;1;2;17;2;14;1;2;3;39936746020
45;Não;1;2;0;0;12;3;2;4;9;1;17;7;2;3;64627752749
37;Sim;1;1;1;0;20;3;0;6;17;0;11;10;0;1;99170492899
39;Não;0;0;3;0;21;4;6;0;20;1;25;2;8;19;74289937199
29;Não;1;0;0;0;4;1;5;1;6;0;19;15;5;6;22508221832
42;Não;0;0;0;0;13;1;2;3;10;2;13;17;2;3;65687520829
29;Não;1;1;2;1;13;0;2;2;10;2;14;20;2;3;18467974053
25;Não;0;2;0;0;9;3;2;0;5;0;12;1;2;4;88923808247
42;Não;0;1;1;0;5;2;6;0;10;0;11;2;8;9;11678962767
40;Não;1;1;1;0;30;7;7;0;22;2;19;2;9;21;86980360458
51;Não;1;2;0;0;5;1;0;1;1;0;11;1;0;1;65458713134
31;Sim;1;0;1;0;6;2;4;0;6;2;11;29;4;5;17414215827
32;Não;1;2;0;0;5;2;1;1;5;0;20;7;3;5;65374101036
38;Não;1;2;0;1;10;0;7;3;13;2;18;2;5;8;90393333827
32;Não;1;0;3;0;4;2;2;4;9;3;13;2;4;6;73635660714
46;Não;0;2;3;1;30;5;7;3;28;0;12;2;7;7;15047883675
28;Sim;1;0;0;0;6;2;0;2;5;1;11;2;0;0;76219922775
29;Não;1;2;1;1;13;0;0;2;10;0;19;2;0;0;92298254496
31;Não;1;2;1;0;11;4;0;0;10;0;21;23;8;9;95462077718
25;Não;1;1;0;0;8;4;3;1;6;2;12;5;5;6;50217086584
45;Não;1;2;1;0;26;4;7;0;21;2;14;20;10;20;23244022490
36;Não;1;2;0;0;6;2;13;0;16;0;11;6;11;15;56524702588
55;Não;1;0;1;0;30;5;10;0;37;0;14;1;13;36;67248014034
47;Sim;1;2;0;0;23;5;7;1;10;1;12;29;9;10;61970021478
28;Não;1;2;1;0;4;1;2;1;5;0;23;9;4;5;32271291299
37;Não;1;2;1;1;13;0;4;4;7;1;14;6;1;5;56158423261
21;Não;1;0;1;0;6;1;2;1;3;2;17;3;0;3;87112107872
37;Não;0;1;1;0;27;7;2;2;15;1;18;1;2;5;61672368029
35;Não;0;1;0;0;23;5;7;7;10;0;18;22;2;7;22721639502
38;Não;0;1;1;1;11;0;0;1;8;2;24;7;7;8;49236237406
26;Não;0;1;0;0;12;3;5;1;6;0;20;1;4;6;67666362470
50;Não;1;1;0;0;30;7;4;3;28;3;14;4;6;10;77183522131
53;Não;1;2;1;0;30;7;3;3;21;1;16;3;3;5;77643922702
42;Não;1;2;0;1;9;0;16;1;20;3;25;1;6;20;52866273938
29;Não;1;0;0;1;9;0;7;1;10;2;18;2;9;10;63681000821
55;Não;1;2;3;0;10;2;7;3;12;2;19;20;8;10;78069134488
26;Não;1;2;1;0;9;4;3;1;5;2;13;11;3;5;31420369724
37;Não;0;0;0;0;4;1;12;1;17;0;12;1;7;17;87122923592
44;Sim;1;1;0;0;6;2;0;3;19;0;22;24;0;1;48619133702
38;Não;1;1;0;0;11;4;2;9;10;1;14;23;2;2;3468141375
26;Sim;1;1;1;0;4;2;2;2;5;1;13;16;2;3;84981680684
28;Não;0;0;0;0;6;1;3;1;5;2;21;8;2;5;42087763942
49;Não;0;0;0;0;30;7;2;9;22;1;11;10;2;3;28682113281
36;Não;1;0;3;0;8;1;0;4;10;0;12;3;7;8;325970059
31;Não;0;1;2;1;5;6;2;1;2;0;11;5;2;2;55343770310
26;Sim;1;0;2;1;11;0;7;1;8;1;12;4;4;8;88602832808
37;Não;1;2;1;0;4;1;2;1;4;0;12;9;2;4;87394604840
42;Não;0;2;2;1;27;0;4;5;23;0;14;26;8;20;62032747392
18;Sim;1;0;0;0;2;2;0;1;0;0;13;3;0;0;17207520412
35;Não;1;2;2;1;16;0;9;0;12;0;15;16;9;11;10519635385
36;Não;1;2;0;0;7;2;0;4;4;1;18;18;0;1;56571815045
51;Não;1;1;1;0;10;3;1;5;13;0;18;2;2;4;56013287350
41;Não;1;0;0;1;30;5;10;1;22;1;19;2;4;22;55086647851
18;Não;0;0;1;1;2;6;0;1;0;0;12;10;0;0;91869635737
28;Não;1;0;1;0;11;4;3;0;9;2;19;16;7;8;60967117305
31;Não;1;2;3;1;13;0;7;4;10;0;11;7;7;8;25472902008
39;Não;1;1;1;0;19;4;10;0;19;0;17;1;7;18;63015731066
36;Não;0;2;0;0;11;2;8;7;11;1;15;24;8;9;42017009066
32;Não;1;2;0;1;10;0;8;1;13;0;14;7;8;13;43428410065
38;Não;0;2;0;0;24;7;8;3;19;2;17;25;1;10;27257714367
58;Não;1;1;0;0;11;4;3;2;12;1;13;1;2;5;22743955307
31;Não;1;2;3;0;9;1;2;0;6;1;12;5;3;5;45691435921
31;Não;1;2;5;2;12;8;2;3;9;0;12;2;0;2;18963529507
45;Não;1;1;0;0;10;2;9;1;24;0;18;7;11;24;85454960701
31;Não;1;1;0;0;5;1;2;0;3;1;18;2;2;2;49425576700
33;Não;0;2;0;0;23;5;6;6;12;1;11;5;8;10;12249344712
39;Não;1;2;1;0;30;5;9;1;21;3;14;10;10;21;69946330309
43;Não;0;0;0;0;4;2;7;0;9;1;19;10;7;8;39733108782
49;Não;0;0;3;0;27;4;1;7;25;2;12;1;7;7;84069387286
52;Sim;1;2;1;0;9;1;2;2;11;1;15;8;7;8;91216879274
27;Não;0;0;0;0;4;1;3;1;4;0;12;5;2;4;5788214241
32;Não;0;2;3;1;10;0;12;1;13;2;11;8;9;13;31944066186
27;Não;1;0;0;1;8;0;4;1;5;0;11;2;4;5;52562718064
31;Não;1;1;2;1;15;0;7;4;13;0;12;7;7;7;40587335529
32;Não;0;0;1;0;10;1;7;7;10;1;16;2;7;7;17721725274
28;Sim;1;2;1;0;6;1;2;5;5;1;13;2;2;3;87946727733
30;Não;0;2;1;0;11;1;8;1;11;2;13;28;9;10;80499285862
31;Não;0;2;0;0;17;3;9;1;10;2;24;7;9;10;3978376676
39;Não;1;2;1;0;30;5;9;1;21;2;15;7;3;21;25519340119
39;Sim;0;2;1;1;10;0;0;4;12;2;18;3;0;1;66585212005
33;Não;1;0;2;1;9;0;7;3;9;0;14;10;1;7;34877209934
47;Não;1;2;0;0;30;7;2;4;21;4;11;5;1;3;15689817187
43;Não;0;1;0;0;10;2;7;1;9;1;11;10;0;9;82531770264
27;Não;1;2;2;1;12;0;4;0;6;3;13;1;4;5;877014107
54;Não;0;0;0;0;9;1;3;3;20;1;12;20;3;4;49627116123
43;Não;0;2;0;0;19;4;0;8;10;0;16;7;0;1;53140226249
45;Não;1;2;4;0;7;1;9;9;12;1;14;8;8;10;42650921562
40;Não;1;2;1;1;14;0;3;2;6;2;22;1;2;4;36356708439
29;Sim;1;2;4;0;4;2;7;1;7;1;11;8;7;7;55731133166
29;Não;1;0;4;0;7;2;2;0;4;4;17;9;2;3;90852552069
30;Não;0;1;2;1;12;0;9;1;10;0;13;5;2;10;70181327703
27;Não;0;2;2;1;12;0;7;1;8;1;18;8;7;8;21217090533
37;Não;1;1;1;0;12;3;2;7;8;2;16;5;4;6;88108656088
38;Não;1;1;0;0;23;7;10;0;12;2;14;15;9;11;2798908790
31;Não;0;0;1;0;14;3;9;1;11;1;14;7;10;11;93035078350
29;Não;0;1;2;1;16;0;7;1;7;3;14;10;7;7;67277607375
35;Não;1;0;3;0;16;3;6;0;17;1;13;5;13;16;56725560380
23;Não;1;1;0;0;5;1;2;1;4;3;12;26;2;4;37235696133
41;Não;1;0;1;0;12;3;4;6;8;0;15;6;2;5;59456038443
47;Não;1;0;1;1;5;6;0;3;5;3;19;4;0;0;19797272865
42;Não;0;0;0;0;30;7;0;2;16;4;14;23;0;1;43754017522
29;Não;1;2;0;1;9;0;3;1;4;0;14;2;2;4;29800869008
42;Não;1;1;3;2;5;8;2;0;4;3;11;2;0;3;28945738445
32;Não;0;2;1;0;4;2;0;1;8;0;13;2;7;8;94626624793
48;Não;0;2;1;1;25;5;0;3;15;3;21;29;0;0;7922253423
37;Não;1;1;1;0;11;1;7;4;13;0;13;6;7;7;59088479614
30;Não;0;2;3;1;9;0;2;7;4;2;12;25;2;2;68381366469
26;Não;1;2;0;1;10;0;7;1;8;0;17;1;7;8;14273147846
42;Não;1;0;4;0;13;4;0;3;14;1;23;2;0;1;44472320438
21;Sim;0;0;3;1;4;6;2;1;3;3;11;1;2;3;10407376289
36;Não;0;0;1;1;13;0;0;4;7;4;15;1;0;1;2342349370
36;Não;1;2;1;1;19;0;9;4;16;1;11;3;12;13;47278738446
57;Não;1;2;1;0;13;4;2;2;15;1;11;1;2;3;18946951532
40;Não;0;2;0;0;4;2;7;3;10;1;13;10;7;7;36657107846
21;Não;1;0;1;1;5;6;2;1;3;2;24;9;2;3;27218218165
33;Sim;0;0;2;1;5;6;0;1;1;0;13;5;0;1;28971883078
37;Não;0;2;1;0;6;2;4;6;17;0;20;10;3;5;25260276226
46;Não;0;2;1;0;10;3;0;2;7;1;14;7;0;1;75168263194
41;Sim;1;0;2;1;18;0;7;1;8;0;18;4;7;8;51524432260
50;Não;1;0;3;0;20;4;3;6;20;0;15;10;3;4;50499551008
40;Sim;1;2;2;1;12;0;4;2;8;2;12;22;0;6;40201746147
31;Não;1;0;0;0;5;1;2;0;3;1;16;9;2;2;79871754906
21;Sim;0;0;0;1;5;6;0;1;1;0;15;12;0;1;31684155780
29;Não;1;0;0;0;4;1;2;9;6;0;16;23;2;3;38232763856
35;Não;1;0;0;0;13;4;1;9;10;1;19;9;0;1;50958841426
27;Não;1;1;1;0;7;2;2;1;5;2;11;1;4;5;68317829316
28;Não;1;0;0;1;10;0;5;1;7;1;16;9;7;7;72538902078
49;Não;1;0;4;0;21;4;2;8;26;0;24;7;0;5;10378105803
51;Não;0;2;0;1;9;0;7;4;18;2;11;14;7;7;87774535660
36;Não;0;2;0;0;5;1;2;4;6;0;13;2;2;2;66176594757
34;Sim;1;0;2;1;10;0;2;8;9;0;13;19;4;5;18503153612
55;Não;0;0;0;0;30;5;4;2;30;0;13;2;2;5;73843775855
24;Não;0;1;2;1;8;0;2;1;5;1;12;10;3;5;58391276350
30;Não;1;2;3;1;4;6;0;1;1;3;18;2;0;1;22441837459
26;Sim;1;0;3;0;6;1;4;0;7;3;22;3;4;6;76598241753
22;Não;0;2;1;0;4;1;1;1;2;0;13;11;2;2;49188668306
36;Não;1;2;1;1;15;0;9;1;10;2;13;2;0;10;34739088221
30;Sim;1;0;3;0;4;1;0;9;3;0;23;4;0;1;90163429454
37;Não;0;1;0;0;6;2;7;1;18;0;12;14;17;18;37290412735
40;Não;0;1;2;1;11;0;4;7;8;2;12;2;3;5;21985458278
42;Não;0;1;0;0;5;2;2;3;8;1;16;1;2;5;48485444613
37;Não;1;0;0;0;8;3;0;2;18;1;12;10;1;1;12597994519
43;Não;1;1;0;0;28;7;10;1;25;0;11;12;9;25;68245911125
40;Não;0;2;1;0;6;2;0;6;20;0;22;2;0;1;12229345860
54;Não;1;2;1;0;30;7;2;4;24;2;11;5;2;4;66646494344
34;Não;0;2;2;1;13;0;2;9;6;1;15;4;2;3;88508872802
31;Não;0;2;1;0;8;3;10;1;13;2;12;7;12;13;31999824676
43;Não;1;2;1;0;4;2;2;7;8;0;20;21;2;3;66888758935
43;Não;0;1;4;0;9;4;2;4;8;1;14;8;2;5;32061350529
25;Não;0;0;0;1;8;0;4;1;5;2;11;4;3;5;10994839645
37;Não;0;2;1;0;8;1;11;3;15;4;15;25;7;13;86106404486
31;Não;1;2;0;0;4;2;2;1;4;2;12;1;2;4;57058716035
39;Não;1;1;0;0;30;5;8;1;21;3;14;1;6;21;22272647216
56;Não;0;2;0;1;26;0;7;9;36;0;11;6;7;7;33400947920
30;Não;0;0;3;1;13;0;4;0;6;0;11;12;4;5;7196542930
41;Não;1;2;2;1;16;0;7;1;10;0;16;1;7;10;75202489861
28;Não;1;1;1;0;9;2;0;1;10;2;12;17;8;10;88299850231
25;Sim;1;2;1;0;8;2;2;5;6;0;13;3;2;2;87969584909
52;Não;1;2;1;0;15;3;4;2;28;0;14;3;4;5;49224499696
45;Não;1;2;0;0;5;1;2;3;8;2;21;10;2;2;47776563391
52;Não;0;2;0;0;30;5;2;2;31;2;13;4;4;5;55412416728
42;Não;0;1;0;0;9;1;4;2;19;2;11;29;2;5;10634880256
30;Não;0;0;0;0;12;3;4;2;11;0;20;2;2;5;79190472439
60;Não;0;2;0;0;30;5;8;5;33;0;11;7;10;29;12059332245
46;Não;0;1;1;0;9;3;7;2;19;0;14;18;8;10;41346079726
42;Não;0;2;3;0;9;4;5;0;7;1;11;28;4;6;38732670394
24;Sim;0;0;3;1;6;6;3;1;6;3;16;1;4;5;49788988375
34;Sim;0;1;2;1;4;6;2;0;3;2;16;6;0;2;75074922525
38;Não;1;2;0;0;3;2;0;1;1;2;23;2;0;1;17656548270
40;Não;0;2;0;1;30;5;15;0;21;1;14;2;12;20;91928139197
26;Não;0;1;0;0;5;1;2;1;3;0;22;23;2;3;88659980590
30;Não;1;2;0;0;4;2;3;4;9;0;15;3;4;5;71214018717
29;Não;1;2;1;0;23;7;2;1;10;1;18;3;7;10;73103328216
29;Sim;0;2;3;0;5;1;2;5;6;4;16;25;1;2;43121842453
19;Sim;1;0;3;2;5;8;0;1;1;2;12;2;0;1;76837608269
30;Não;0;2;4;1;16;0;8;0;10;1;11;22;8;9;51947278935
57;Não;1;1;2;1;28;5;0;3;32;0;12;29;0;1;3743996244
50;Não;1;2;0;0;30;5;10;0;28;1;15;29;7;27;69143537114
30;Não;0;0;1;0;5;2;7;0;12;0;14;2;7;11;42129575727
60;Não;0;2;2;1;20;0;13;4;22;0;19;28;11;18;7811020530
47;Não;0;1;1;0;10;3;0;5;20;2;13;2;4;5;4170707836
46;Não;1;2;0;0;30;7;2;6;26;0;13;2;1;3;92965758696
35;Não;1;0;0;0;8;2;4;0;6;0;15;22;3;5;4212068407
54;Não;0;0;0;0;7;2;0;7;19;1;11;8;0;1;23532031643
34;Não;1;1;0;0;5;1;3;3;14;1;12;2;7;7;43385010828
46;Não;0;2;2;1;18;0;2;2;15;0;19;10;2;3;99224175998
31;Não;1;1;0;0;21;3;8;1;13;3;25;9;8;13;72804958951
33;Sim;1;2;1;0;27;5;6;7;15;3;12;15;7;7;1520871351
33;Sim;1;1;1;0;6;2;3;7;8;3;13;10;3;4;87822665289
30;Não;1;0;2;1;5;6;2;0;4;3;14;7;2;3;93768519141
35;Não;1;2;0;0;15;4;7;4;10;0;12;16;0;8;83835288171
31;Sim;1;2;0;0;19;4;0;3;12;0;12;20;0;1;27935170154
34;Sim;0;1;5;2;19;8;2;9;11;0;15;23;2;3;83973347767
42;Não;1;2;4;0;4;2;2;4;8;2;17;5;0;2;29846143028
36;Não;1;0;1;1;19;0;3;1;10;1;14;10;7;10;45239146564
22;Sim;1;0;3;0;7;2;2;5;4;3;16;4;2;2;28956245129
48;Não;0;2;2;1;8;0;7;2;14;4;14;2;7;9;14402631586
55;Não;0;0;0;1;30;5;9;3;37;4;23;18;7;10;72958502250
41;Não;1;0;0;1;12;0;3;7;16;2;14;10;10;14;84327607522
35;Não;1;2;2;1;9;0;9;9;15;0;11;1;9;11;35425440659
40;Não;0;0;0;0;26;3;6;7;22;0;15;6;13;20;62275551187
39;Não;0;2;0;0;7;2;3;1;8;3;11;8;7;8;19778744154
31;Não;1;0;0;1;13;0;5;4;10;3;13;2;5;6;53244288290
42;Não;1;2;1;0;14;3;9;1;10;0;21;24;8;10;12659898491
45;Não;1;2;4;1;9;0;7;0;9;0;19;2;7;8;14091654688
26;Sim;0;1;0;2;5;8;7;0;8;1;11;17;0;7;20416324301
29;Não;1;1;3;0;8;3;2;4;8;0;12;19;2;3;72434352254
33;Não;0;1;1;0;30;7;1;4;10;4;19;1;5;6;59035966442
31;Não;1;1;0;1;23;5;4;9;10;0;21;7;1;5;39863182628
18;Sim;1;0;2;1;3;6;0;1;0;0;14;5;0;0;68294704075
40;Não;1;1;4;1;21;0;0;3;20;0;15;28;1;1;6699538523
41;Não;0;0;4;0;13;4;7;2;10;1;17;2;7;8;12246193455
26;Não;1;1;1;1;8;0;0;5;8;2;12;29;0;0;41182534602
35;Não;0;0;1;1;9;0;4;1;5;0;16;1;3;5;6375383446
34;Não;1;0;0;1;10;0;7;1;10;1;12;21;7;10;10471638411
26;Sim;1;0;3;0;4;2;0;1;1;0;18;24;0;1;43393460306
37;Não;0;0;3;0;14;3;5;4;12;0;17;1;2;6;60299271168
46;Não;0;2;1;0;21;4;2;5;28;3;11;18;2;2;91143825085
41;Não;0;2;0;1;30;5;16;7;22;4;16;2;8;18;5360441402
37;Não;1;1;1;1;17;0;5;1;9;1;13;9;7;9;61334388251
52;Não;1;1;3;0;11;1;9;3;18;2;12;6;9;10;65097956051
32;Sim;1;2;4;1;9;0;2;8;6;1;12;11;2;4;63889332155
24;Não;1;2;1;1;4;6;2;0;3;0;13;24;1;2;72866597749
38;Não;0;2;1;0;19;4;0;3;18;0;19;10;0;1;18108157435
37;Não;0;2;0;0;12;3;5;6;8;1;12;1;3;6;47284815461
49;Não;1;1;0;0;30;7;9;1;31;1;17;18;9;31;86342598514
24;Não;1;2;1;0;5;1;5;1;6;0;11;23;4;6;48252594559
26;Não;1;2;2;1;12;0;3;1;6;2;20;28;4;5;57028519725
24;Não;1;2;4;0;4;2;0;1;1;2;21;17;0;1;37955731373
50;Não;1;2;1;2;30;5;5;1;32;0;11;3;7;32;3007164888
25;Não;1;2;1;1;4;6;4;1;7;3;11;13;6;7;32926187385
24;Sim;0;2;0;0;5;2;3;1;6;0;16;7;2;6;20553957851
30;Sim;1;2;0;1;4;6;0;1;1;1;18;12;0;1;41841345237
34;Não;1;2;0;0;7;1;5;1;6;2;13;1;3;6;40338388368
31;Sim;1;1;1;1;8;0;1;2;9;1;17;13;2;3;67983611428
35;Não;1;0;4;0;7;2;2;4;9;2;14;25;2;3;49053341748
31;Não;1;1;1;1;10;0;7;4;13;1;22;6;7;7;67230272226
27;Não;0;1;1;0;4;1;3;0;6;1;12;6;3;5;79511000237
37;Não;1;2;2;1;19;0;0;4;17;0;11;2;0;3;99348145847
20;Não;0;0;0;0;5;1;0;1;1;0;13;1;0;1;55818074337
42;Não;0;2;0;0;8;4;2;1;10;1;13;2;2;10;78619136045
43;Não;1;1;4;0;30;7;0;4;21;1;14;6;0;1;59836332333
38;Não;0;0;0;0;5;1;0;3;8;3;17;1;0;0;8669533748
43;Não;1;1;1;0;11;2;7;3;10;4;13;9;7;8;15224092273
48;Não;0;2;0;0;30;5;2;7;21;1;11;1;2;3;8832842110
44;Não;0;0;0;2;11;8;2;4;10;1;11;1;2;2;59226814702
34;Não;0;1;3;1;5;6;2;1;8;0;18;14;6;8;15954472251
27;Sim;1;1;2;1;6;6;3;0;5;3;11;2;2;4;94567199972
21;Não;1;0;3;1;6;6;2;1;3;3;11;22;2;3;62833617190
44;Não;1;2;4;0;30;5;2;4;26;1;12;3;1;2;68933630461
22;Não;1;2;1;0;5;1;2;0;3;3;20;6;2;2;62540976752
33;Não;1;1;2;1;14;0;0;0;6;1;12;8;2;5;30836303341
32;Não;0;2;0;0;12;1;4;1;6;1;12;9;5;6;79537248111
30;Não;0;1;1;0;4;1;0;1;1;0;20;3;0;1;33232040631
53;Não;0;0;1;1;16;0;7;7;18;3;20;1;10;14;89735370144
34;Não;1;2;0;0;5;1;9;1;10;4;12;1;8;10;39557820000
45;Sim;0;2;0;1;8;0;1;2;5;1;14;26;0;1;46511855479
26;Não;0;2;0;0;5;2;2;1;3;0;13;6;2;3;65215116474
37;Não;1;2;4;0;18;3;7;1;10;0;15;3;8;10;62618383391
29;Não;0;2;1;1;11;0;0;1;6;2;14;3;2;6;81819819374
35;Não;1;0;0;0;13;1;11;1;17;1;13;6;8;17;90898237344
33;Não;1;1;0;0;15;4;11;3;15;0;23;6;7;13;77953166442
54;Não;1;2;1;2;21;8;7;2;16;1;15;19;1;9;54580165321
36;Não;1;1;1;0;17;3;2;2;13;2;11;9;2;3;77869931449
27;Não;1;0;1;0;4;1;2;0;5;1;13;3;1;4;70133840629
20;Sim;1;0;1;0;2;1;0;1;1;3;11;10;1;1;74831126166
33;Sim;1;0;0;0;6;1;8;1;10;0;11;3;7;10;27746689213
35;Não;1;2;0;0;2;2;0;1;1;0;18;3;0;1;59474715240
23;Não;1;2;1;0;5;1;2;2;5;0;16;4;2;3;55734847558
25;Não;1;2;0;1;9;0;2;0;4;0;22;8;2;3;5706784456
38;Não;0;0;2;1;8;0;7;0;8;1;20;7;5;7;10376334610
29;Não;1;1;0;0;5;1;7;1;10;1;18;1;8;10;74065826637
48;Não;1;2;2;1;16;0;2;3;12;3;12;2;2;2;78990889018
27;Não;0;1;1;1;9;0;5;1;6;3;20;3;4;6;38632141252
37;Não;1;0;0;0;9;1;0;3;4;2;17;10;0;1;81710726408
50;Não;1;2;1;0;6;2;8;1;20;3;11;28;8;20;593015707
34;Não;0;0;1;0;17;4;7;1;9;0;14;9;7;8;40996314962
24;Sim;0;0;0;1;9;0;2;9;4;2;14;3;0;2;63141816190
39;Não;0;0;3;0;9;4;7;1;20;1;11;2;10;20;83779051901
32;Não;1;0;2;1;10;0;7;1;10;0;12;10;8;10;31899949653
50;Sim;1;2;3;1;13;0;3;3;18;2;14;8;3;4;81932929328
38;Não;0;0;0;0;15;4;7;0;10;1;13;1;8;9;84234434222
27;Não;0;2;0;0;14;3;7;1;9;2;11;1;7;9;32803355871
32;Não;0;0;0;0;22;7;7;3;10;2;15;3;7;7;48412787425
47;Não;1;0;2;1;9;0;7;2;20;1;12;14;7;7;20755169206
40;Não;1;2;0;1;20;0;13;5;20;1;21;5;12;18;28171358073
53;Não;1;2;0;0;29;7;1;3;32;0;19;7;3;5;70737706078
41;Não;1;1;5;2;30;5;6;3;23;1;15;10;6;21;96267477508
60;Não;1;0;2;1;10;0;2;8;10;1;14;16;2;2;67434612518
27;Não;1;1;0;0;17;3;7;1;9;2;21;10;7;9;16824621562
41;Não;1;2;5;2;30;5;7;1;22;0;12;1;10;22;90165816311
50;Não;1;2;2;1;7;6;2;7;4;1;15;8;2;2;49613339539
28;Sim;0;0;0;0;4;1;7;7;10;2;13;1;7;7;82943079490
36;Não;0;2;0;0;23;7;7;9;10;0;14;8;5;8;85276892890
38;Não;0;0;0;0;15;3;0;4;10;0;14;1;0;1;93882569611
44;Não;1;0;1;0;7;2;2;2;9;0;14;24;4;5;5498592556
47;Não;0;1;1;1;27;0;2;9;28;0;12;3;13;22;24606178465
30;Não;1;1;2;1;10;0;7;7;10;4;23;27;7;8;53797726956
29;Não;1;0;0;1;5;6;0;1;1;0;11;10;0;1;2679177298
42;Sim;1;1;1;0;5;1;2;6;7;0;12;19;2;2;68854690519
43;Não;1;2;0;1;13;0;2;3;7;0;18;15;2;2;80892242214
34;Não;0;0;1;0;12;4;1;3;10;2;11;8;3;5;29041154742
23;Não;1;2;1;0;5;2;3;1;5;3;14;9;2;4;77353949781
39;Não;0;2;5;2;12;8;3;9;12;0;15;3;6;8;86343456013
56;Não;1;2;1;0;22;4;7;7;30;0;11;9;1;10;76772868246
40;Não;0;0;1;0;4;1;2;0;5;3;20;2;3;4;7304232936
27;Não;0;0;1;0;13;4;6;8;9;0;19;7;7;7;77473446203
29;Não;1;1;2;1;4;6;2;1;2;0;14;10;2;2;17378166327
53;Não;1;0;0;0;4;2;2;2;19;0;17;6;2;2;54811577416
35;Não;0;1;0;0;10;4;0;2;16;1;11;2;0;1;69569550933
32;Não;1;2;0;0;10;2;8;1;10;1;15;24;7;10;81276263580
38;Não;1;2;1;0;6;1;0;6;6;4;13;2;1;1;42716432309
34;Não;0;1;0;0;10;3;0;3;7;4;14;8;0;0;50408588034
52;Não;1;2;2;1;30;5;6;1;34;1;11;3;16;34;65094208741
33;Sim;1;0;4;0;5;1;9;1;10;1;13;1;8;10;21206948416
25;Não;0;0;1;1;12;0;5;1;6;3;23;26;4;6;99739117255
45;Não;1;0;3;1;13;6;7;0;9;2;13;2;1;8;46515009868
23;Não;1;0;1;0;7;1;2;1;2;3;18;10;2;2;51364678367
47;Sim;0;0;0;1;12;0;4;4;8;2;12;27;3;5;28427808942
34;Não;1;0;4;1;12;0;5;1;6;0;22;2;4;6;81254066183
55;Sim;1;2;1;0;30;5;2;5;24;0;13;2;4;5;15110781975
36;Não;1;0;0;1;15;0;7;1;10;1;15;8;9;10;94521803657
52;Não;1;2;1;0;8;1;3;0;5;1;18;19;2;4;50416246011
26;Não;0;1;0;0;8;2;2;3;5;2;14;1;0;2;52836860949
29;Não;0;2;1;0;8;4;7;4;11;0;12;27;1;8;47592341847
26;Sim;1;0;3;1;10;0;3;6;6;0;17;8;2;4;45435242931
34;Não;0;0;0;0;6;1;2;2;10;1;16;1;3;4;22602920247
54;Não;0;1;1;0;10;3;3;9;9;1;11;19;4;5;19547516379
27;Não;1;2;2;1;8;0;2;0;5;3;19;8;1;4;23187822654
37;Não;0;1;0;0;5;1;3;0;6;3;13;10;3;5;80241442352
38;Não;0;0;0;0;11;3;7;6;17;1;12;2;12;15;45826947861
34;Não;0;0;1;0;8;1;5;1;6;1;11;2;3;6;28498779375
35;Não;0;2;0;1;5;6;2;1;3;1;16;8;2;3;76003539044
30;Não;1;2;0;0;7;2;2;3;7;0;21;1;2;2;83426274342
40;Não;0;2;1;0;8;4;7;1;8;2;24;2;7;8;17743163963
34;Não;0;2;0;1;13;0;2;5;6;2;17;8;2;3;68860202960
42;Não;1;1;0;0;30;5;7;1;24;0;13;8;9;24;1778395289
23;Sim;1;2;0;0;3;2;0;1;1;0;21;6;0;0;67487929513
24;Não;1;1;0;0;5;2;0;1;1;0;11;9;0;1;61581859128
52;Não;0;2;0;0;6;2;2;8;9;1;20;11;4;5;3834809611
50;Não;1;2;1;0;30;7;3;5;30;0;16;2;3;4;15560460301
29;Sim;0;2;0;0;4;2;0;1;1;2;11;1;0;1;74546345632
33;Não;1;2;1;0;23;7;9;0;14;0;11;7;7;13;55770352176
33;Sim;0;0;2;1;10;0;2;5;6;0;15;16;2;3;32369208930
47;Não;0;2;4;0;30;5;14;1;26;2;11;2;0;26;18268690246
36;Não;0;2;4;0;10;3;7;0;10;0;15;1;5;9;44815084421
29;Não;1;2;0;0;5;1;7;1;10;2;24;23;7;10;11331428987
58;Sim;1;0;0;0;30;7;15;7;40;1;12;2;8;31;46541469302
35;Não;0;0;0;0;5;1;2;3;7;1;13;1;2;2;33346892209
42;Não;0;2;0;0;12;3;3;9;8;2;13;1;2;4;85607123256
28;Sim;1;0;1;0;8;1;2;6;5;1;17;2;1;2;27778473823
36;Não;1;2;5;2;4;8;2;4;8;0;13;13;4;5;59738153702
32;Não;0;2;0;0;12;3;13;1;14;0;12;4;8;14;56231711969
40;Não;1;0;1;0;10;2;0;6;10;1;14;16;0;1;53141479815
30;Não;0;0;1;0;13;3;0;5;12;0;24;2;0;0;9544267895
45;Não;0;0;0;0;4;1;0;1;1;0;14;2;0;1;72447620139
42;Não;1;2;0;0;8;3;8;1;10;0;13;29;8;9;51295837371
38;Não;1;1;0;0;12;4;3;2;13;0;15;12;2;4;15280295058
34;Não;0;0;0;0;5;1;2;1;6;1;16;16;3;5;25122435727
49;Sim;0;2;2;1;15;0;8;1;9;0;18;11;7;9;86656949198
55;Sim;1;0;1;1;10;0;7;4;12;3;16;2;3;9;59405715453
43;Não;1;2;0;0;30;7;1;6;22;2;24;14;0;4;82664971767
27;Não;1;1;3;0;25;7;8;1;9;3;16;5;8;9;60641791379
35;Não;1;0;4;0;20;3;5;3;17;0;21;7;6;8;68024061999
28;Não;0;2;2;1;9;0;7;1;8;1;20;2;5;8;61968842257
34;Não;1;2;5;2;7;8;2;0;4;2;19;3;2;3;69191228532
26;Sim;0;2;1;0;4;1;7;1;8;2;14;5;7;8;57338363173
27;Não;1;2;1;0;3;1;0;1;0;0;11;3;0;0;25666146187
51;Não;0;2;2;1;30;5;6;2;29;1;14;26;17;20;44192550344
44;Não;1;0;1;0;11;4;2;9;10;0;12;4;3;5;19568049062
25;Não;1;0;1;0;6;1;3;7;6;3;13;2;1;4;36794267837
33;Não;1;1;1;1;8;0;8;1;9;0;22;1;8;9;65354523500
35;Não;0;0;1;0;5;1;5;1;6;3;11;27;1;6;74455862011
36;Não;1;2;0;1;12;0;14;1;18;2;14;1;11;18;36944410081
32;Não;1;1;0;1;8;0;2;2;8;1;11;13;3;5;43321596808
30;Não;1;1;0;0;7;1;4;9;10;1;12;5;3;5;416105023
53;Não;0;2;2;1;21;0;2;7;35;2;18;7;4;5;55712361601
45;Não;1;1;2;1;21;0;4;4;18;0;12;9;2;5;79285371484
32;Não;0;2;1;0;10;1;3;5;9;2;12;8;3;5;91329654699
52;Não;0;2;1;0;27;3;8;3;31;1;22;25;0;9;89470933176
37;Não;1;1;2;1;12;0;0;4;9;1;19;16;0;1;39086036005
28;Não;1;1;1;2;9;8;1;1;6;2;13;8;4;5;83280774470
22;Não;1;2;0;0;9;3;2;6;4;2;22;1;2;2;64655637044
44;Não;1;2;0;0;5;2;2;2;10;1;24;8;2;3;17991561178
42;Não;1;0;1;0;5;1;1;5;8;3;14;2;2;2;27129760399
36;Não;1;2;0;2;4;8;4;0;6;0;21;8;3;5;5575840131
25;Não;1;2;4;1;8;0;3;1;5;3;18;3;3;5;85907677911
35;Não;0;2;0;0;21;3;14;1;17;0;20;9;15;17;37812205377
35;Sim;0;1;0;0;4;1;2;1;10;1;19;25;8;10;54601693327
32;Não;1;1;0;0;4;2;0;0;4;0;12;1;2;3;95280403949
25;Não;1;2;2;1;8;0;2;1;5;3;12;4;3;5;84193373429
49;Não;0;2;3;0;7;1;2;2;7;0;16;1;2;4;63294291136
24;Não;1;2;0;0;6;2;2;0;6;3;17;4;4;5;10788058610
32;Não;1;2;0;1;13;0;8;1;10;2;14;5;3;10;27097820617
38;Não;1;2;2;1;5;6;2;0;3;0;19;9;2;2;89710801982
42;Não;0;2;0;0;10;2;3;2;17;0;13;3;3;5;24198569516
31;Não;1;2;0;0;4;1;4;3;8;1;19;11;2;6;83492271069
29;Sim;0;1;1;1;5;6;2;6;5;0;19;1;2;3;78793689538
53;Não;1;2;2;1;23;0;0;5;28;0;14;8;2;2;55515612785
35;Não;1;2;3;0;21;3;10;3;16;0;16;25;8;13;92946093955
37;Não;0;2;1;1;5;6;4;5;10;2;15;21;0;5;88667843703
53;Não;0;0;0;0;28;7;9;6;33;1;18;23;8;12;10247230760
43;Não;0;2;0;0;11;4;2;4;12;0;13;1;2;5;23647051140
47;Não;0;2;2;1;9;0;6;0;8;2;22;2;7;7;93460780147
37;Não;1;0;1;1;15;0;0;1;10;2;13;19;9;10;34588781060
50;Não;1;1;0;0;30;5;6;1;31;1;11;2;7;31;10842897909
39;Não;0;2;0;2;10;8;4;8;13;0;11;2;4;5;91731723544
33;Não;1;1;5;2;4;8;3;3;7;2;11;3;3;4;34003867454
32;Sim;1;0;0;0;5;2;0;1;1;1;24;25;1;1;47663287028
29;Não;0;1;1;0;5;2;3;6;8;3;14;7;3;4;86208322389
44;Não;1;2;0;0;5;1;7;1;8;2;13;9;1;8;95319011508
28;Não;1;0;1;1;9;0;2;1;4;1;14;5;2;4;52475110522
58;Sim;1;1;0;0;4;2;0;9;3;3;14;2;0;1;66956680884
43;Não;0;1;0;0;9;3;0;4;4;0;21;8;0;1;26684053844
20;Sim;0;0;1;1;4;6;2;1;2;0;13;2;2;2;23957301227
21;Sim;0;0;4;0;5;1;0;1;1;3;19;18;0;1;42145514620
36;Não;1;2;0;0;13;4;8;0;17;3;17;14;11;16;23275913760
47;Não;0;0;0;1;6;6;2;1;3;1;18;2;2;3;19468016820
22;Sim;0;2;0;0;8;3;2;0;4;3;19;3;2;3;28985113614
41;Sim;0;1;0;0;5;2;7;4;10;1;13;2;0;7;13230324821
28;Não;0;1;1;0;4;1;2;5;6;0;18;9;2;2;22711638533
39;Sim;1;2;1;0;4;2;2;7;8;0;21;6;2;2;80992941852
27;Não;0;0;0;0;4;1;1;1;1;0;19;4;0;1;83979383093
34;Não;1;1;0;0;4;2;0;1;1;0;14;10;0;1;63374438801
42;Não;0;0;1;1;12;0;4;7;10;2;17;14;3;5;91818862887
33;Não;1;0;4;0;5;1;2;3;6;1;11;1;2;3;24882073219
58;Não;0;1;3;0;21;4;0;2;24;0;13;5;4;6;45731053484
31;Não;1;2;0;1;4;6;7;3;13;1;15;7;2;7;78428355246
35;Não;0;2;0;0;8;4;6;1;10;3;25;21;7;10;19521006951
49;Não;0;2;4;0;14;2;9;4;29;2;11;8;7;26;36668998972
48;Não;1;2;1;0;4;1;0;4;13;1;17;20;0;0;88339975725
31;Não;0;2;2;1;13;0;8;1;9;2;13;20;0;9;78766542632
36;Não;1;0;4;0;9;1;2;2;8;1;18;7;1;6;36603022472
38;Não;0;2;3;0;27;7;12;1;15;0;13;1;11;15;84597786134
32;Não;0;2;0;0;4;2;0;6;5;0;20;1;2;3;41994198352
25;Sim;1;2;2;1;4;6;0;1;1;2;18;19;0;1;70710861700
40;Não;1;1;2;1;19;0;0;2;11;1;12;10;0;1;45604721566
26;Não;1;0;1;1;8;0;7;1;7;0;12;1;7;7;91335684789
41;Não;1;0;1;0;9;2;13;2;20;0;13;6;17;18;62613538802
36;Não;1;0;1;0;5;2;8;4;16;1;21;2;9;11;55944022166
19;Sim;1;0;4;1;4;6;0;1;1;0;13;21;0;1;5020507731
20;Sim;1;0;3;0;5;2;0;1;1;0;19;4;0;1;44154730489
31;Não;0;2;1;0;11;4;7;0;10;0;11;12;5;9;85823360517
40;Não;1;1;1;0;7;1;1;8;3;1;14;9;0;1;12149106720
32;Não;0;2;1;0;13;3;7;1;8;1;12;3;3;8;8548818377
36;Sim;1;2;0;1;20;0;7;1;16;3;11;3;7;16;99819187996
33;Não;0;0;0;0;13;4;0;0;6;0;14;1;4;5;38375230074
37;Sim;1;2;0;1;21;0;1;5;17;1;11;1;7;14;82589620894
45;Não;1;2;0;0;8;2;7;1;9;2;12;4;8;9;26488823511
29;Não;0;2;3;1;4;6;1;1;3;0;15;20;2;3;86149234360
35;Não;0;2;1;1;9;0;2;1;5;0;16;18;0;5;58912869354
52;Não;1;2;0;0;30;5;8;2;26;2;15;1;8;9;83589803156
58;Sim;1;0;3;0;4;1;0;4;7;0;24;2;0;1;17137146199
53;Não;1;1;1;1;29;5;13;6;22;2;13;2;2;17;90800463761
30;Não;1;1;4;1;14;0;4;5;10;2;11;8;7;8;30176494897
38;Não;0;0;3;1;11;0;3;1;6;0;13;10;3;5;19886457619
35;Não;1;1;0;1;15;0;9;6;12;1;13;3;8;10;43290877755
39;Não;1;0;0;1;15;0;7;0;9;4;18;2;7;8;7200236760
40;Sim;0;0;0;1;26;0;0;4;22;0;16;24;0;1;60419121928
47;Não;1;1;1;0;10;3;10;1;20;1;19;16;7;19;64854816881
36;Não;1;1;3;1;10;0;7;4;12;1;13;8;7;7;94689260538
31;Sim;1;0;1;0;4;1;2;0;4;2;22;9;2;3;52153578686
33;Não;1;0;0;1;30;5;8;1;10;0;11;17;0;10;35530642569
29;Sim;0;0;0;0;4;1;0;6;3;0;20;10;0;0;77917698054
33;Não;0;0;0;0;6;1;2;3;5;3;18;13;2;3;17521628958
45;Não;0;1;1;0;4;2;3;3;8;1;14;1;2;5;25420429590
50;Não;1;1;1;0;30;7;4;9;32;2;22;1;3;5;48515823864
33;Não;0;2;4;0;10;4;5;1;6;1;13;1;2;6;84571103130
41;Não;1;1;1;0;30;7;16;2;21;0;17;9;11;18;98399977186
27;Não;0;2;3;0;5;2;2;9;4;1;14;16;2;2;25046815655
45;Não;1;2;0;0;7;2;8;1;9;2;15;23;8;9;38551320684
47;Não;0;0;0;1;8;0;0;1;9;2;17;4;7;9;66697741245
30;Sim;0;2;0;0;4;1;2;4;7;0;11;22;1;5;7275414982
50;Não;1;2;0;0;27;3;11;3;22;0;18;24;5;12;54203697227
38;Não;1;2;1;0;5;1;1;0;3;3;17;10;2;2;46182030024
46;Não;1;1;1;0;21;3;7;6;13;2;13;7;7;8;90405112091
24;Não;0;1;1;0;8;3;2;1;5;3;15;17;2;4;35925865176
35;Sim;1;1;4;0;7;2;2;1;5;1;24;14;2;4;78069901628
31;Não;0;2;0;0;8;3;3;1;4;3;12;1;3;4;24418427883
18;Não;1;0;0;0;2;1;0;1;0;2;15;5;0;0;33586548987
54;Não;0;2;3;0;21;3;7;8;22;0;11;17;8;10;78377055794
35;Não;0;1;1;0;20;4;10;1;16;1;11;25;1;16;67686728998
30;Não;0;2;0;0;22;7;7;0;9;2;12;8;7;8;87998412315
20;Sim;0;0;1;0;5;1;0;1;1;0;15;11;0;1;67434761456
30;Sim;0;0;1;0;4;2;2;0;4;0;17;5;2;3;17497509281
26;Não;1;2;1;0;10;3;7;1;8;2;12;2;3;8;15700926808
22;Não;1;2;0;0;4;2;3;1;4;3;15;8;1;4;33687651425
48;Não;1;0;0;0;8;4;2;2;19;0;13;6;2;2;10016014010
48;Não;1;0;0;0;21;4;11;7;27;1;14;4;8;15;96408121512
41;Não;0;0;1;0;10;3;2;6;8;2;14;7;1;2;37342401045
39;Não;0;2;0;0;25;3;6;1;21;3;16;1;8;21;89435736099
27;Não;0;2;0;0;8;3;2;0;4;1;18;2;2;3;8615176137
35;Não;1;1;4;0;7;2;2;1;3;0;20;10;2;3;8885714420
42;Não;1;2;2;1;30;5;0;6;21;2;13;5;0;1;84559164730
50;Não;1;2;0;0;4;2;0;4;8;0;18;9;0;1;56416135556
59;Não;0;0;0;0;27;3;3;3;30;0;13;2;3;5;28114630016
37;Sim;0;2;1;0;9;4;0;5;15;2;15;11;0;1;63603885157
55;Não;1;2;1;0;12;4;7;3;17;1;14;18;7;8;89514182854
41;Não;0;1;0;0;30;7;16;1;21;3;22;7;10;21;18839659784
38;Não;1;0;0;1;13;0;0;8;19;1;12;3;0;1;17503330135
26;Sim;1;0;1;1;9;0;2;8;7;2;18;29;2;2;25895225988
52;Sim;0;2;2;1;30;5;14;1;33;3;15;2;9;32;44393859315
44;Não;0;2;1;1;26;0;11;3;23;0;18;28;11;12;98318555817
50;Não;0;2;0;1;12;0;7;0;19;0;12;1;13;18;92771713654
36;Sim;0;0;0;0;5;2;13;1;18;1;16;16;14;17;37987591669
39;Não;0;0;1;0;21;3;6;1;21;0;13;22;8;21;91465726771
33;Não;0;0;0;1;4;6;2;0;3;3;19;8;2;2;22902201781
45;Não;0;2;0;1;30;5;3;3;26;2;13;11;1;9;63671003016
32;Não;0;0;1;0;8;2;7;9;10;1;12;29;7;8;14747442412
34;Não;1;1;2;1;19;0;1;0;16;1;11;1;9;15;40384702379
59;Não;1;2;3;1;23;5;4;3;14;2;14;1;4;6;9565662097
45;Não;1;0;1;2;4;8;3;1;6;1;16;24;4;6;76815806354
53;Não;0;2;2;1;15;0;7;2;30;0;12;2;12;15;9463837746
36;Sim;1;1;4;0;9;2;0;7;9;0;14;15;0;1;13220048263
26;Sim;1;2;0;0;4;1;2;6;6;0;14;2;2;3;29294581138
34;Não;0;2;0;1;4;6;1;1;1;1;19;10;0;1;5753081606
28;Não;1;2;1;1;2;6;0;1;1;3;22;10;0;1;60275906201
38;Não;1;2;4;0;5;1;2;3;8;1;16;3;2;2;69145325763
50;Não;1;2;1;0;30;7;1;2;29;1;11;2;7;8;22625281951
37;Não;0;0;4;0;8;4;3;3;8;0;15;3;1;4;37632469799
40;Não;1;2;2;1;16;0;7;1;8;0;14;26;5;7;73315473009
26;Não;0;1;1;0;4;1;3;1;5;3;13;1;3;5;80047265645
46;Não;1;1;1;0;30;7;2;9;23;1;17;1;2;2;24804620559
54;Não;0;2;0;1;21;0;4;6;13;1;11;2;0;9;8444497034
56;Não;0;2;1;0;5;1;4;2;18;0;19;9;3;5;3240631332
36;Não;0;0;1;0;17;3;8;0;15;4;11;12;8;14;98981557960
55;Não;1;0;1;0;30;5;7;7;31;3;15;2;2;9;16953004425
43;Não;1;1;1;1;21;0;0;5;18;0;13;25;0;1;50511195660
20;Sim;0;0;2;1;4;6;2;1;2;0;14;9;2;2;7793360999
21;Sim;0;0;0;0;2;2;0;1;1;0;13;10;0;1;15859998452
46;Não;0;1;0;0;9;1;13;8;19;1;23;8;7;16;67077636036
51;Sim;1;2;0;0;4;1;0;9;18;1;12;4;7;10;45735327026
28;Sim;1;0;3;0;17;4;7;1;10;2;12;24;9;10;26545247015
26;Não;1;2;1;0;7;2;3;1;6;2;16;1;3;5;44161621609
30;Não;1;2;4;0;19;3;2;0;7;0;15;20;2;6;611598693
41;Não;0;2;3;0;6;1;6;1;10;2;13;7;8;10;77364070953
38;Não;0;2;0;0;17;4;9;0;20;3;18;17;9;19;25682909856
40;Não;1;2;3;0;20;4;10;4;14;1;20;20;1;11;5167470839
27;Não;1;2;0;0;9;2;2;1;3;4;19;8;2;3;4031887258
55;Não;1;2;0;0;21;3;2;3;23;3;18;2;2;3;17650031544
28;Não;0;0;4;0;7;1;7;3;10;0;13;10;7;8;68355198238
44;Sim;1;2;1;2;20;8;6;9;24;2;14;1;6;20;19447924481
33;Não;1;1;0;0;14;4;2;4;9;0;15;5;2;3;25494903720
35;Sim;1;0;3;1;19;0;7;0;9;0;22;4;7;8;65521108398
33;Sim;0;0;1;0;9;1;7;1;14;1;22;29;8;13;35163120232
28;Não;1;1;0;0;4;2;2;1;4;2;16;15;2;4;39184362558
34;Não;1;0;0;0;15;4;2;0;7;3;17;3;4;6;60267587769
37;Não;0;1;0;1;13;0;0;2;8;1;14;10;0;1;48634085639
25;Sim;1;2;3;0;7;2;7;1;7;3;15;4;6;7;95752361194
26;Sim;1;1;1;0;4;2;1;1;1;0;20;21;0;1;24585436345
33;Sim;1;0;1;0;4;1;2;4;5;0;20;25;2;2;61446005288
42;Não;1;2;1;0;30;5;6;0;23;2;17;2;7;22;90737679629
28;Sim;1;1;1;0;5;2;0;1;1;0;15;1;0;1;46679854004
50;Sim;1;0;4;1;9;0;0;3;5;1;14;1;0;0;90169036961
33;Não;0;2;0;1;8;0;2;0;4;0;17;7;2;3;62633406333
34;Não;1;2;0;0;5;1;0;3;6;1;17;3;0;0;53927964080
48;Não;1;0;1;0;30;5;4;2;27;1;22;1;1;5;56484585193
45;Não;0;2;0;1;11;0;10;1;15;1;13;9;12;15;92638573916
52;Não;1;0;0;0;20;4;6;7;18;1;19;7;0;8;34408179065
38;Não;1;1;2;1;17;0;7;0;9;1;14;10;7;8;16458881025
29;Não;0;1;0;0;5;1;5;4;11;1;22;28;7;7;81666258116
28;Não;0;1;1;0;15;3;7;0;10;0;17;3;7;9;21461737959
46;Não;1;2;2;1;30;5;9;3;23;3;12;3;9;12;70812384642
38;Não;1;0;2;1;14;0;0;7;10;2;16;2;0;1;24761003217
43;Não;0;2;0;0;21;3;7;8;18;0;11;27;1;8;25033441827
39;Sim;1;1;0;0;24;4;7;7;21;0;11;2;5;18;65242227355
40;Não;1;0;1;0;30;7;7;1;21;0;14;14;9;20;95345717873
21;Não;0;0;3;0;4;1;2;1;2;3;11;1;2;2;93124810935
39;Não;1;0;0;0;13;2;4;9;9;0;15;9;3;5;11314417984
36;Não;1;0;0;0;15;3;9;2;18;1;20;18;9;11;4290448858
31;Não;1;2;0;1;5;6;2;0;3;0;12;20;2;2;85152997874
28;Não;1;2;0;0;6;1;3;0;6;3;17;2;4;5;48551261369
35;Não;1;1;2;1;9;0;2;1;5;2;11;11;2;5;31861215929
49;Não;1;2;3;1;26;0;8;6;22;1;17;8;3;9;97507922378
34;Não;1;0;0;0;8;3;2;2;5;2;11;2;2;3;94135181771
29;Não;0;1;0;0;6;1;5;0;8;0;14;10;1;7;56893032932
42;Não;1;0;1;0;8;2;0;4;16;0;19;29;0;1;1690977219
29;Não;1;2;1;0;10;3;7;1;10;3;15;8;2;10;26680581911
38;Não;1;2;5;2;5;8;6;1;7;0;13;1;0;7;78970098128
28;Não;1;1;0;0;5;1;1;1;3;0;14;6;2;3;15422082305
18;Sim;1;0;1;0;3;2;0;1;0;3;12;8;0;0;35594944301
33;Sim;0;0;2;1;16;0;2;0;6;1;17;9;3;5;25278970639
41;Não;1;2;0;0;9;2;0;3;6;1;11;12;0;1;55483449180
31;Sim;1;2;1;0;5;2;2;1;2;0;12;15;2;2;68774878779
37;Não;0;1;1;0;11;4;2;7;9;2;13;25;3;6;90743903040
27;Não;1;2;0;0;5;1;2;1;4;0;13;6;2;4;22822146716
34;Não;0;2;0;1;11;0;5;1;6;3;20;9;3;6;13214885044
35;Não;1;0;3;2;8;8;4;1;6;1;17;8;4;5;92148251273
29;Sim;0;2;0;1;14;0;8;1;11;3;13;23;10;11;48735640059
40;Não;0;0;1;0;26;7;7;9;20;1;17;9;13;18;46282958672
42;Sim;1;0;0;1;27;0;9;0;22;0;12;12;14;21;4210828585
42;Não;1;0;2;1;10;0;4;7;9;1;13;4;5;6;55420840220
35;Não;1;2;1;0;4;2;0;6;10;1;12;1;7;8;48533759543
24;Não;1;0;1;0;7;2;3;8;6;0;22;24;2;4;12946568505
28;Sim;0;2;0;0;5;2;1;1;1;3;11;12;0;1;92575122453
26;Não;1;2;1;0;8;2;7;1;8;1;22;3;7;8;78696751518
30;Não;1;2;2;1;13;0;3;1;10;0;18;10;4;10;51355045156
40;Não;0;2;1;0;8;1;1;3;16;2;13;26;0;1;7781166202
35;Não;1;1;0;0;20;3;7;2;15;0;18;2;4;7;45054244997
34;Não;1;0;1;0;10;4;9;0;14;0;20;1;9;13;38099819063
35;Não;1;2;4;0;4;2;2;1;2;1;13;4;2;2;59225782984
43;Sim;0;0;2;1;10;0;3;8;7;0;13;9;3;4;13733605002
32;Não;0;1;0;1;5;6;0;1;1;3;12;2;0;1;56679545129
56;Não;0;1;3;0;30;5;2;4;28;1;13;4;2;5;46211428515
29;Não;0;2;1;0;6;2;8;1;10;3;13;6;8;10;73801634741
19;Não;1;0;0;0;5;1;1;1;1;2;25;9;0;1;40545459001
45;Não;0;2;1;0;8;1;2;4;7;0;19;7;2;3;89457538108
37;Não;0;2;0;0;12;3;8;1;14;0;13;1;11;14;6123113454
20;Não;1;0;0;0;6;2;2;1;2;0;12;3;2;2;7028253299
44;Sim;1;0;0;0;5;1;4;1;6;1;11;10;2;6;65476155321
53;Não;0;1;1;0;30;5;7;3;26;2;18;7;7;7;79818524584
29;Não;0;2;0;0;4;1;4;0;6;3;18;15;3;5;49714260941
22;Sim;1;2;0;0;5;1;0;0;1;1;11;3;0;0;48079895762
46;Não;0;2;2;1;30;5;15;8;28;0;23;2;9;26;89506891099
44;Não;1;0;0;0;4;1;0;2;6;0;13;17;0;0;78601857794
33;Não;1;2;5;2;7;8;4;1;5;0;13;2;4;5;15765687740
41;Sim;1;1;0;0;4;1;0;6;5;2;17;5;0;1;81623009194
30;Não;1;1;0;1;8;0;3;8;8;1;19;29;3;4;45450733723
40;Não;1;2;1;1;8;0;0;5;5;1;12;2;0;0;15606869089
50;Não;0;2;1;0;30;5;2;2;32;0;22;2;2;2;21609189822
28;Não;1;2;1;0;6;2;5;1;6;1;12;19;3;6;24532773201
46;Não;1;2;0;0;30;7;2;5;25;2;11;15;3;4;23081471713
35;Não;1;2;0;1;17;0;7;3;15;1;15;17;7;7;79994769246
24;Sim;0;2;0;0;4;2;0;1;1;2;13;17;0;1;17564795323
33;Não;0;2;1;1;9;0;7;1;10;0;12;25;1;10;59015022918
36;Não;1;1;0;0;5;2;7;1;7;1;14;6;7;7;66477523739
30;Não;1;1;0;0;6;2;7;1;10;1;13;7;9;10;97471126360
44;Não;1;0;4;0;9;1;11;1;20;1;25;29;17;20;9895437661
20;Não;1;0;2;1;5;6;1;1;2;0;17;21;2;2;76998439425
46;Não;1;1;3;0;14;3;3;2;12;1;11;2;4;6;65269395214
42;Não;1;2;1;2;12;8;3;7;10;4;16;2;3;4;94882610489
60;Não;1;1;2;1;10;0;7;0;12;1;18;7;9;11;5420405606
32;Não;0;2;4;0;5;2;2;1;2;0;20;13;2;2;14731091995
32;Não;0;0;0;0;9;1;7;4;10;2;14;2;7;8;89099263109
36;Não;0;1;3;0;20;3;7;2;17;0;21;1;7;7;79135213895
33;Não;1;2;1;0;5;1;10;0;15;0;13;9;10;14;5101298371
40;Não;0;1;3;1;13;0;1;7;7;0;12;10;3;5;63970443919
25;Não;1;0;0;1;9;0;3;0;5;1;14;10;1;4;36501494903
30;Não;1;2;1;0;7;1;9;0;12;0;21;1;7;11;48815628490
42;Não;0;2;1;0;26;7;0;3;20;4;17;26;0;1;3777725144
35;Não;0;2;2;1;20;0;2;4;16;2;11;8;12;13;36883279725
27;Não;1;2;0;0;4;1;7;1;9;0;14;14;8;9;41576927824
54;Não;0;1;0;0;21;3;4;7;33;1;17;1;4;5;75766503176
44;Não;0;2;0;0;4;1;5;1;10;3;13;2;7;10;14663363458
19;Sim;0;0;1;0;3;1;1;1;1;0;25;10;0;1;70499896201
29;Não;0;1;0;0;7;1;2;1;3;0;15;1;2;3;86115842407
54;Não;1;2;0;0;30;7;9;3;36;0;14;3;9;10;74692169437
31;Não;1;2;1;0;13;4;5;1;6;2;12;11;1;6;81557666989
31;Não;0;0;1;0;13;4;9;1;10;0;19;24;8;10;9421002270
59;Não;0;0;0;1;10;0;1;5;13;0;17;3;5;6;95325242618
43;Não;1;2;0;0;30;7;7;3;25;0;14;3;7;8;98858605039
49;Não;1;2;1;0;30;5;0;2;23;2;13;4;0;1;73967693134
36;Não;1;2;3;0;7;1;10;1;12;0;12;3;7;11;81674809106
48;Não;1;0;3;0;5;2;0;5;7;2;11;2;0;1;69947749767
27;Não;1;1;0;0;5;1;3;1;5;2;11;4;3;5;22473367003
29;Não;1;1;0;0;13;4;0;1;6;0;11;7;0;6;27117187024
48;Não;1;0;0;0;30;7;0;6;25;0;12;1;0;1;76803747891
29;Não;0;1;0;0;30;7;7;3;9;0;14;1;7;7;70787727548
34;Não;0;2;3;0;5;1;0;0;2;0;17;20;0;1;47473334676
44;Não;1;2;2;1;30;5;9;7;26;0;11;5;10;22;23887955351
33;Não;1;1;2;1;16;0;8;0;10;4;14;10;8;9;94671052556
19;Não;0;0;0;0;5;1;0;1;1;0;12;25;1;1;55952606366
23;Não;1;2;0;0;2;1;0;1;1;2;22;1;1;1;54847996577
25;Sim;1;0;0;1;2;6;0;1;1;3;14;24;0;1;56617645986
26;Não;1;0;0;0;5;1;5;1;8;2;20;4;2;8;47664879780
45;Sim;0;0;2;1;30;5;10;2;26;0;16;2;11;24;56794694723
55;Não;1;1;1;0;27;4;9;1;34;3;15;8;0;33;46673263299
21;Sim;0;0;0;0;5;2;2;1;2;2;20;10;2;2;86248584467
46;Não;0;2;2;1;30;5;4;2;26;2;14;4;8;11;8984452763
34;Não;0;0;2;1;9;0;2;0;4;0;12;2;2;3;31006803503
51;Não;1;1;0;1;30;5;10;4;31;0;24;9;10;29;10267087875
59;Não;1;0;1;0;21;3;7;6;25;1;12;18;4;9;35247911930
34;Não;0;1;1;0;8;2;8;4;15;0;13;19;10;11;21237854188
28;Não;1;0;1;0;4;2;2;0;5;1;11;1;2;4;64091772020
44;Não;1;1;0;0;30;5;9;1;26;2;14;4;13;25;14782842506
34;Não;1;2;0;2;8;8;9;4;14;0;11;11;8;10;88350953474
35;Não;1;2;0;0;7;1;2;0;4;3;14;6;2;3;71722019436
42;Não;0;2;1;0;4;1;0;6;18;1;16;7;0;1;13319588495
43;Não;0;0;2;1;20;0;7;3;23;1;14;4;17;21;61903898558
36;Não;0;0;0;0;10;3;14;9;18;1;11;2;12;16;48361116238
44;Sim;0;2;1;0;15;4;7;1;10;0;11;15;5;10;55281969057
28;Não;1;2;0;0;7;2;2;1;2;0;12;2;2;2;4352314087
51;Não;0;0;1;0;5;2;0;0;8;2;14;6;7;7;83991191448
30;Não;0;0;1;0;9;3;4;7;10;2;18;9;7;8;82320355958
29;Sim;0;1;3;0;6;2;7;3;10;0;13;7;7;7;3614899181
28;Não;1;0;3;0;4;1;2;2;5;0;11;1;2;3;68530929641
25;Não;0;0;1;0;4;1;2;1;2;0;18;1;1;2;21848020662
32;Não;1;2;1;1;12;0;7;1;10;0;15;8;8;10;40424750029
45;Não;0;0;1;0;30;5;0;3;22;0;22;25;0;0;33983361793
39;Não;0;1;1;0;30;5;9;6;21;1;13;13;2;19;22033408626
58;Não;1;1;0;0;4;1;2;1;2;1;12;23;2;2;46805441685
32;Sim;1;2;0;0;9;2;4;1;10;2;18;7;1;10;24949498943
39;Sim;1;0;1;0;7;1;2;0;6;0;13;23;3;5;93960877926
30;Não;0;2;3;0;9;2;2;0;10;0;12;6;7;9;76976623650
36;Não;0;2;3;0;14;4;7;3;10;1;12;10;7;7;77233159405
46;Não;0;0;0;2;6;8;6;6;10;2;12;1;7;7;83716698570
28;Não;0;2;0;0;13;2;8;0;10;0;11;1;5;9;25931356031
50;Não;0;2;0;0;30;7;2;4;25;0;11;28;2;3;99239951899
40;Sim;1;0;2;1;18;0;4;2;9;1;12;25;0;5;75155064281
52;Sim;1;0;0;1;16;0;7;9;10;0;19;5;7;8;91281325482
30;Não;0;2;1;0;23;5;1;1;9;1;23;17;8;9;94645552201
39;Não;1;0;0;0;9;3;7;0;9;2;11;18;7;8;91252934158
31;Não;0;1;0;1;19;0;8;1;10;1;19;2;6;10;90299999784
41;Não;1;0;1;1;12;0;2;1;19;2;13;10;9;19;62231913708
31;Sim;0;0;0;1;4;6;2;1;3;0;11;1;2;3;73275842237
44;Sim;1;2;0;0;4;2;2;4;10;0;12;3;2;3;7169085754
42;Não;1;2;0;0;30;5;8;0;21;3;13;2;10;20;59187378062
55;Não;0;2;1;0;30;5;9;4;23;2;14;2;11;19;61672225575
56;Não;1;0;0;2;30;5;3;6;36;1;14;8;7;7;13399830137
40;Não;1;1;0;0;7;1;2;9;6;2;16;16;0;4;12383869233
34;Não;1;1;0;0;17;4;7;0;10;0;11;9;6;9;32906145507
40;Não;1;0;0;0;9;1;8;1;9;0;13;2;8;9;7043321247
41;Não;0;1;2;1;8;0;3;0;10;0;17;1;7;9;11309363849
35;Não;1;0;0;0;8;1;6;1;9;1;11;4;1;9;45102010338
51;Não;1;1;0;2;28;5;9;1;33;0;11;5;10;33;34429749401
38;Não;0;1;0;1;13;0;7;3;11;2;15;2;7;7;39639617069
34;Não;0;0;1;1;12;0;8;1;10;2;12;15;6;10;31597086136
25;Não;1;2;1;0;7;2;2;3;7;3;11;19;2;3;3008800775
58;Sim;0;2;1;0;20;3;9;7;31;1;14;7;9;10;22163210912
40;Não;1;2;0;0;4;2;2;3;7;1;22;1;3;4;25496551586
36;Não;0;2;2;1;9;0;7;2;17;0;16;7;13;15;56410913825
48;Não;1;0;0;0;15;3;9;1;11;0;11;4;8;10;94495201705
27;Não;0;2;1;1;5;6;0;8;5;0;14;11;0;1;53575800288
51;Não;0;0;3;0;26;3;2;3;29;2;16;11;3;5;80218550489
18;Não;0;0;0;0;3;2;0;1;0;0;15;1;0;0;99800232654
35;Não;0;2;1;0;10;2;7;0;10;0;12;1;0;9;53750693467
27;Não;1;0;0;1;10;0;2;3;8;3;20;2;0;6;9145602924
55;Sim;1;0;2;1;27;0;7;6;24;1;17;13;8;19;42472694035
56;Não;1;2;0;0;26;3;16;4;33;0;12;23;9;19;67600651974
34;Não;0;1;3;0;4;1;4;1;5;3;20;26;0;5;24086234827
40;Não;0;1;1;0;12;4;11;5;15;3;20;2;8;12;17459430338
34;Não;1;2;1;0;10;2;7;4;10;0;13;29;7;8;68498648246
31;Sim;0;0;0;1;5;6;0;7;3;0;14;2;0;1;46488637188
35;Sim;0;2;2;1;9;0;2;0;5;1;18;18;2;4;35983806995
38;Não;1;1;0;0;5;1;2;1;4;0;11;7;3;4;79854344074
34;Não;0;0;3;0;13;4;11;1;14;1;11;2;11;14;36286735525
28;Não;1;2;0;1;9;0;3;1;5;0;11;26;4;5;50851641394
31;Sim;1;2;1;0;12;3;2;1;10;1;15;22;7;10;31613574616
39;Não;1;2;0;1;12;0;4;3;8;1;12;21;4;5;16766839745
51;Não;1;2;2;1;21;0;2;2;14;0;11;2;2;4;99923262931
41;Não;0;1;0;0;10;1;2;3;12;0;14;22;3;6;97175088855
37;Não;1;2;0;0;5;1;4;7;8;3;15;4;3;6;3146126715
33;Não;1;2;0;1;19;0;4;6;8;3;13;5;2;5;72959668387
32;Não;1;2;2;1;8;0;2;0;4;3;13;2;2;3;35530096984
39;Não;1;2;0;0;21;4;4;3;13;2;21;25;5;6;1691531880
25;Não;1;2;0;1;12;0;2;2;6;3;11;18;2;3;72493468166
52;Não;0;2;1;0;26;3;3;2;24;2;11;28;2;5;9603843418
43;Não;0;0;1;0;8;1;7;1;20;0;14;6;8;20;45738146912
27;Não;0;2;2;1;11;0;2;1;6;0;11;10;4;6;47796292778
27;Sim;0;0;0;0;4;1;2;1;8;1;13;17;7;8;19590736245
26;Não;1;0;1;0;7;1;3;0;5;3;12;2;1;4;22476595210
42;Não;0;2;5;2;30;5;7;0;21;0;14;10;9;20;39843044539
52;Não;0;2;4;0;5;2;4;9;12;1;13;8;4;5;26694562373
37;Não;0;0;1;0;7;2;2;4;8;0;18;11;2;3;66335015159
35;Não;1;0;0;0;18;3;2;2;10;2;11;18;2;2;71963452989
25;Não;1;2;3;0;6;2;2;4;7;0;11;1;2;3;87105631831
26;Não;1;0;4;0;7;2;7;0;8;0;12;7;7;7;63064267069
29;Não;1;0;4;2;15;8;9;1;10;0;13;17;9;10;99456334126
49;Sim;1;0;0;0;8;2;3;3;20;2;20;28;3;4;54847488732
29;Sim;0;0;4;0;15;4;7;0;9;3;12;14;7;8;89248068458
54;Não;0;0;1;0;30;7;7;6;29;0;19;1;7;20;19660329765
58;Não;0;2;1;0;30;7;8;3;32;0;21;1;5;9;40115426833
55;Não;1;1;1;0;29;7;7;2;31;1;13;1;0;7;37113708620
36;Não;0;0;2;1;18;0;4;3;15;1;16;3;1;5;83706743724
31;Sim;0;0;0;1;2;6;0;1;1;1;12;1;0;1;76609597041
30;Não;0;1;2;1;9;0;2;7;8;1;14;7;2;3;10573654249
31;Não;0;0;0;0;30;7;2;3;9;4;11;8;0;3;77698090443
34;Não;1;1;4;0;5;1;3;5;10;1;14;1;3;4;57135760586
31;Sim;0;0;0;0;2;1;0;1;1;0;12;8;0;1;49649104057
27;Não;1;2;0;0;4;2;0;0;6;3;14;11;4;5;89497031897
36;Não;1;0;0;0;11;2;4;1;10;1;16;4;8;10;25330942975
36;Não;0;2;2;1;11;0;2;4;11;1;13;16;2;3;4191770356
47;Não;1;2;3;0;6;1;5;7;17;0;12;1;2;6;73779276725
25;Sim;1;2;0;1;8;6;2;3;6;2;12;9;2;3;48734102857
37;Não;1;0;3;0;7;2;5;0;7;2;14;5;3;6;48363384153
56;Não;0;2;0;0;4;1;2;2;5;2;22;1;0;3;69498041907
47;Não;0;2;1;0;30;7;17;3;26;1;19;2;6;20;43735739338
24;Não;0;2;1;1;8;0;4;1;5;3;12;4;3;5;64474740788
32;Não;1;2;2;1;18;0;3;4;7;4;12;7;3;4;17089535572
34;Não;0;2;0;0;6;2;4;5;7;0;17;1;2;5;82337179610
41;Não;1;2;1;0;4;1;2;2;7;4;12;5;3;4;97492670173
40;Não;1;1;4;0;7;2;7;3;11;1;11;9;7;8;49696898173
31;Não;1;1;0;1;21;0;7;1;13;2;18;8;9;13;56744537361
46;Sim;1;1;2;1;20;0;7;4;28;0;11;9;3;7;50388633904
39;Sim;0;0;0;0;7;2;0;2;11;0;23;2;0;1;57727412239
31;Sim;0;0;0;0;14;3;8;1;10;4;11;1;7;10;63394581569
45;Não;1;1;1;0;21;4;7;2;24;0;18;20;7;7;51098863085
31;Não;0;0;1;2;4;8;2;9;8;2;18;8;2;3;85111222368
31;Sim;1;2;0;0;7;2;2;6;7;0;13;2;2;2;30006552892
45;Não;1;2;3;0;18;3;1;4;10;0;18;29;2;3;54700103167
48;Não;1;1;2;1;10;0;2;4;15;0;11;7;2;2;17640603137
34;Sim;0;2;3;2;5;8;2;1;2;1;15;9;2;2;63495084391
40;Não;1;1;1;0;27;7;8;2;16;3;11;8;8;9;21000749106
28;Não;1;0;1;1;16;0;4;0;6;0;18;5;3;5;16716254591
44;Não;1;0;0;0;6;2;2;3;7;0;14;5;3;5;2723224966
53;Não;1;0;1;0;30;7;8;4;35;0;12;2;8;9;20002766461
49;Não;1;2;3;0;13;4;2;2;20;1;14;5;2;3;56659842621
40;Não;1;1;1;0;4;1;1;2;8;0;14;2;2;3;53299286985
44;Não;1;0;0;0;6;1;2;1;6;0;13;20;3;5;532711064
33;Não;1;2;1;1;8;0;3;0;5;0;14;7;3;4;82815398438
34;Não;1;0;4;1;9;0;9;3;15;0;18;3;12;13;41330169407
30;Não;1;2;0;1;10;0;1;8;4;3;15;16;2;2;61511354426
42;Não;0;0;1;0;7;2;9;1;12;2;13;9;8;12;87173015062
44;Não;0;2;2;1;9;0;0;7;11;4;12;1;0;1;27336028278
30;Não;1;1;3;0;2;1;0;1;1;0;13;7;0;1;4649569710
57;Não;1;2;0;0;9;1;9;0;13;2;24;1;8;12;85154711682
49;Não;1;1;0;0;20;4;7;3;29;1;14;7;7;8;47192569708
34;Não;1;1;1;0;30;7;8;7;16;0;14;15;9;14;5692462916
28;Sim;1;2;3;1;5;6;2;3;5;0;15;1;2;3;34423051270
29;Sim;0;0;3;1;11;0;3;5;7;0;11;13;0;5;83872188022
34;Sim;0;0;1;1;9;0;9;0;16;1;23;24;10;15;16844985313
35;Não;1;2;0;1;4;6;0;1;1;3;13;7;0;1;48371539861
24;Sim;1;0;1;0;6;2;0;2;4;0;11;9;0;0;38671014347
24;Não;0;2;0;1;4;6;0;1;1;2;13;13;0;1;22908737819
44;Não;1;0;1;0;20;3;2;5;16;3;18;2;2;2;31353278326
29;Não;1;1;0;1;17;0;7;1;10;0;14;19;4;10;15855419848
30;Não;1;1;0;2;4;8;3;0;6;0;21;1;3;5;56300332028
55;Não;1;2;0;0;8;4;2;0;4;1;16;4;2;3;58204646978
33;Não;0;2;1;0;7;2;4;8;8;1;11;4;2;5;17086234287
47;Não;0;2;1;1;9;0;4;3;11;0;17;14;2;5;55738226224
28;Sim;1;0;1;0;5;2;0;7;8;2;11;2;0;0;64031589325
28;Não;1;1;0;0;3;1;0;1;1;0;14;1;0;1;63980663636
28;Não;1;0;0;1;9;0;2;0;5;0;14;7;3;4;68546743283
49;Não;0;2;1;0;9;2;2;4;10;2;25;3;2;3;27849836848
29;Não;0;2;0;0;6;2;2;0;4;3;13;2;2;3;3812427888
28;Não;1;2;0;0;13;3;6;1;8;3;14;29;7;8;7467465850
33;Não;1;0;0;0;12;4;0;2;14;4;17;8;0;0;72668254224
32;Não;1;0;1;0;22;5;2;2;10;0;25;10;0;5;99114920240
54;Não;0;1;1;0;30;5;9;3;26;1;20;11;12;14;4987903492
29;Sim;1;0;3;0;4;1;7;6;11;1;13;1;7;9;45472801551
44;Não;1;2;0;0;30;7;6;3;24;0;13;28;17;20;37686370734
39;Não;0;0;0;0;16;3;0;4;9;0;18;6;2;2;18989185648
46;Não;0;2;0;1;30;5;12;8;23;0;12;3;1;13;85384065941
35;Não;0;0;0;0;17;4;8;1;11;0;19;16;3;11;43196626697
23;Não;1;0;0;0;4;2;3;0;5;3;14;20;2;4;40825418378
40;Sim;1;0;0;0;4;2;4;3;15;1;14;9;0;5;58377170497
34;Não;1;2;3;1;14;0;9;1;10;0;14;1;6;10;23328508333
31;Sim;0;0;0;0;8;1;2;1;7;0;12;3;7;7;46764452705
50;Não;1;0;1;0;28;7;6;1;32;4;13;22;9;32;53440217857
34;Não;1;2;3;1;4;6;10;0;12;2;25;7;7;11;95770893083
42;Não;1;2;1;0;9;2;0;4;4;0;14;2;0;1;18228692042
37;Não;1;2;1;0;8;1;8;1;10;0;17;13;7;10;15698697706
29;Não;0;2;4;0;19;4;7;3;9;3;13;8;7;7;18550246131
33;Não;1;0;0;0;8;3;3;1;5;0;13;25;2;5;79482632480
45;Não;1;2;3;0;4;1;4;4;8;0;20;28;3;5;4885579754
42;Não;1;2;0;0;20;4;8;2;24;0;14;2;9;20;4093354368
40;Não;1;2;1;1;10;0;4;0;9;2;12;9;1;8;97289867223
33;Não;1;2;0;0;10;2;14;1;15;1;12;28;7;15;46112349247
40;Não;1;0;1;2;30;5;7;1;21;2;21;6;7;21;14429885600
24;Não;1;1;3;0;4;2;1;0;2;2;14;21;0;1;62898210372
40;Não;1;1;0;0;8;4;2;3;8;2;18;8;2;2;18991356966
45;Não;1;1;3;0;14;4;8;1;10;1;12;1;7;10;23226732678
35;Não;0;2;0;1;4;6;3;0;6;1;23;28;2;5;50720938016
32;Não;0;2;0;0;11;1;1;3;12;2;12;5;5;7;8348564392
36;Não;1;0;0;1;5;6;2;3;7;1;21;2;2;3;92036566098
48;Não;0;1;0;1;12;0;7;8;18;1;14;16;7;8;83197578308
29;Não;1;2;0;0;4;1;0;6;5;0;18;9;0;1;63209571090
33;Não;1;2;0;1;12;0;2;2;8;1;13;8;2;2;76869350461
30;Sim;1;2;0;1;19;0;8;1;10;0;11;1;7;10;94690358605
38;Não;1;2;5;2;12;8;3;3;10;1;11;10;2;6;6446800239
35;Não;1;0;1;0;4;2;0;1;3;0;19;1;2;3;16668482410
30;Não;1;2;3;1;18;0;2;3;9;1;12;29;3;4;8813244079
35;Sim;0;1;0;0;4;2;0;1;1;0;12;2;0;1;86119970057
53;Sim;0;2;3;0;20;3;7;0;34;4;16;2;9;33;49820812490
38;Sim;1;2;1;0;9;3;2;4;7;0;11;2;4;5;75282806329
32;Não;1;2;3;0;8;1;5;4;9;1;14;1;2;6;78967520232
48;Não;0;2;4;0;4;1;2;8;10;1;12;15;6;8;12836947138
34;Não;1;0;1;0;5;1;0;1;1;1;13;7;0;1;96063712075
55;Não;1;2;2;1;30;5;6;1;36;4;21;26;13;36;22149548288
34;Não;1;2;0;0;10;1;2;9;9;1;17;1;1;2;87181977691
26;Não;0;2;0;0;4;1;0;1;1;0;21;3;0;1;28719493458
38;Não;1;2;0;1;19;0;8;0;10;0;11;14;7;9;34121525065
38;Não;0;0;0;1;8;0;2;2;8;0;12;16;2;3;94436479440
36;Não;0;0;0;1;13;0;0;6;15;1;13;1;0;1;68428522508
29;Não;1;0;1;0;9;2;9;1;10;3;18;3;5;10;84482542552
35;Não;0;0;1;0;12;4;2;3;10;1;16;10;4;5;6094193901
39;Não;1;2;1;1;16;0;6;2;11;0;11;6;6;7;19479183402
29;Não;1;1;0;0;17;4;4;1;6;3;19;2;3;6;43806696129
50;Não;1;2;2;1;30;5;0;4;27;0;16;9;0;1;41651016106
23;Não;1;2;3;0;4;1;2;2;4;0;16;10;2;2;39641110678
36;Não;1;2;0;0;11;2;2;3;9;1;13;6;2;3;11334865068
42;Não;1;0;4;0;30;5;0;8;24;2;22;9;1;1;28452322162
35;Não;1;2;0;0;6;2;9;1;10;0;17;28;8;10;80061668660
34;Não;1;2;3;0;10;4;2;1;8;1;14;10;7;8;5153298324
40;Não;0;2;0;1;9;0;4;1;5;2;15;14;2;5;69160410509
43;Não;1;1;3;0;9;2;4;5;8;0;12;27;2;6;35343823988
35;Não;1;2;0;0;5;2;0;1;1;2;18;7;1;1;42935587976
46;Não;1;0;0;1;30;5;0;1;27;1;15;1;12;26;83027560318
28;Sim;1;2;1;0;4;2;1;1;1;0;17;24;0;1;73282686992
22;Não;0;2;4;0;5;1;2;1;4;2;14;26;3;4;42504935371
50;Não;1;2;1;0;22;4;8;2;32;4;15;20;13;30;53683373597
32;Não;0;2;4;0;6;1;2;3;6;1;17;5;2;3;52758853831
44;Não;0;1;1;0;30;7;7;0;23;0;14;7;10;22;8794805839
30;Não;1;2;1;0;4;1;4;1;6;0;12;7;1;6;85981509408
45;Não;0;0;1;0;11;2;7;1;10;4;14;5;4;10;66066515992
45;Não;1;2;2;1;8;0;7;1;10;0;15;26;5;10;65745033951
31;Não;1;0;4;1;10;0;2;7;10;1;13;2;3;5;53154997032
36;Não;0;2;0;0;9;3;2;9;7;1;12;12;1;3;40710660392
34;Não;1;1;0;0;9;3;7;1;9;1;13;10;2;9;23739513210
49;Não;0;2;0;0;6;2;6;1;10;1;14;25;4;9;1168576454
39;Não;1;2;1;0;10;3;7;2;10;4;13;10;7;7;25769917178
27;Não;1;1;4;0;8;2;7;1;7;0;11;19;7;7;43944546970
35;Não;1;2;0;0;10;1;15;1;16;4;11;18;10;16;35835908637
28;Não;0;1;1;0;9;3;3;0;6;0;21;27;0;5;78990124207
21;Não;1;0;1;0;6;1;2;1;3;3;18;5;2;2;1319850094
18;Sim;0;0;1;1;3;6;0;1;0;2;12;3;0;0;65140399286
47;Não;0;2;0;2;30;5;2;3;27;1;11;26;0;5;82799393180
39;Não;1;1;1;0;6;2;8;0;11;2;15;3;7;10;11462766087
40;Não;0;2;0;0;20;3;15;1;18;0;13;15;12;18;72618538274
35;Não;0;2;0;0;8;4;11;1;15;1;12;8;9;14;65810740442
37;Não;1;2;0;0;11;3;3;3;9;0;17;19;2;4;47583040802
39;Não;0;0;1;0;10;3;2;0;10;0;13;4;8;9;77773607519
45;Não;0;1;4;0;11;3;7;1;10;2;19;2;9;10;16836098364
38;Não;0;2;1;0;15;3;4;3;10;2;19;2;2;5;21553270405
35;Sim;1;2;1;1;20;0;12;9;15;0;17;10;0;13;76629656013
37;Não;0;2;1;0;7;1;4;1;8;0;11;10;7;8;40056180699
40;Não;0;0;0;0;15;3;2;6;18;0;15;16;3;4;89317604266
44;Não;1;2;5;2;11;8;7;4;14;4;11;1;2;10;50559471420
48;Não;1;2;1;0;30;5;2;2;23;4;25;4;2;2;97014841667
35;Sim;1;1;1;1;10;0;2;6;7;2;14;15;2;2;20788849132
24;Não;0;0;3;0;7;1;3;1;6;3;13;2;3;6;70341109137
27;Não;0;2;1;0;7;1;2;7;5;0;17;8;2;3;71374192599
27;Não;1;0;1;0;5;1;2;2;6;0;13;2;2;4;1621803391
40;Sim;1;0;0;0;4;2;2;3;10;0;14;7;3;4;58402645933
29;Não;1;0;1;1;11;0;2;9;8;0;11;10;4;5;11357577504
36;Não;0;2;0;0;16;4;2;4;9;1;12;5;2;3;26923845616
25;Não;1;1;0;0;10;3;7;1;7;3;17;2;7;7;64877274205
39;Não;1;2;1;0;10;3;4;4;7;0;21;12;0;5;62934031990
49;Não;0;2;4;0;30;7;2;3;27;1;16;22;2;4;31887724012
50;Não;0;1;0;0;26;7;11;5;19;4;15;17;11;14;87786869336
20;Não;0;0;1;1;5;6;2;1;2;0;19;2;2;2;67390110946
34;Não;0;1;0;0;10;1;8;1;11;0;12;3;9;11;80115288687
36;Não;1;0;0;0;4;2;3;2;15;0;11;7;3;4;99174734674
49;Não;0;2;0;0;27;4;11;2;30;3;19;6;12;15;32663358883
36;Não;0;2;1;0;8;3;2;0;4;1;15;1;2;3;24730164275
36;Não;1;1;0;0;13;4;4;6;13;2;20;3;4;5;69704089119
54;Não;0;2;1;0;30;5;8;3;36;4;25;22;7;10;36818876853
43;Não;1;2;0;0;30;7;10;1;14;2;24;15;11;14;44140926403
35;Sim;1;0;4;1;9;0;9;3;13;1;24;12;7;11;16441401761
38;Não;1;2;0;0;9;1;11;7;19;0;15;1;9;13;32145592339
29;Não;1;1;1;1;8;0;0;1;10;0;13;5;9;10;32662094426
33;Não;1;1;1;1;11;0;2;1;6;1;14;2;4;6;59664988754
32;Não;1;1;1;0;10;1;5;0;10;0;13;2;6;9;8845737055
31;Não;0;2;0;1;10;0;0;1;10;1;11;5;2;10;8144451826
49;Não;0;1;1;0;5;2;2;4;17;0;16;16;2;2;61870356698
38;Não;0;0;1;0;4;2;3;1;4;0;22;2;3;4;89685594968
47;Não;0;1;0;1;30;5;2;6;29;1;14;2;2;3;40060316052
49;Não;1;0;0;0;30;5;7;4;23;0;14;1;0;8;24200064081
41;Não;1;0;0;1;14;0;0;3;21;2;16;23;2;2;44003285251
20;Não;1;0;0;1;5;6;2;1;2;3;11;9;2;2;25666119745
33;Não;0;1;0;1;10;0;5;1;7;0;25;16;2;6;8169560897
36;Não;1;2;0;0;10;4;2;6;10;1;14;26;2;3;62928054940
44;Não;0;1;0;2;6;8;2;4;8;0;18;1;2;2;28079010503
23;Sim;1;0;1;0;7;2;4;1;5;3;11;8;2;5;28164253492
38;Não;0;2;1;0;6;2;0;7;7;2;19;4;0;0;39048702254
53;Não;1;2;1;0;14;4;3;3;11;1;15;24;2;4;50602029464
48;Sim;0;2;1;1;5;6;7;2;19;2;11;7;7;9;11173385874
32;Sim;1;0;0;0;2;2;0;1;1;1;12;2;0;1;48669751265
26;Não;1;0;1;0;5;2;7;1;7;0;20;7;7;7;1328450639
55;Não;1;1;3;0;7;1;2;5;8;0;12;22;2;4;77493351771
34;Não;1;2;1;0;7;2;10;1;15;2;14;5;13;15;69518746839
60;Não;1;1;1;0;21;4;0;3;19;1;20;1;0;1;28297981961
33;Não;1;2;1;0;4;2;11;1;14;0;18;21;13;14;83612565934
37;Não;1;1;1;1;19;0;3;1;6;1;14;1;3;6;85053071821
34;Não;0;2;0;0;5;1;9;1;10;0;12;19;7;10;79705355040
23;Sim;1;1;0;1;4;6;2;1;3;0;21;7;2;3;92935140067
44;Não;0;2;0;0;15;4;7;1;9;0;19;2;7;8;52549069111
35;Não;1;0;1;0;9;1;4;0;6;1;14;2;4;5;74897148888
43;Não;1;2;1;1;15;0;9;1;10;0;17;2;8;10;74293802260
24;Não;1;2;1;0;8;1;3;1;5;0;16;9;4;5;32676864800
41;Não;1;0;2;1;18;0;8;1;10;0;12;6;7;10;34924926550
29;Não;0;2;1;0;5;2;3;9;9;1;17;9;2;5;38114486277
36;Não;0;0;0;1;9;6;7;3;17;1;15;2;7;13;2291886729
45;Não;1;2;0;0;21;4;15;3;25;3;23;1;4;23;89363990502
24;Sim;1;2;5;2;3;8;0;1;1;3;11;22;0;1;24171591354
47;Sim;1;2;0;1;25;0;5;7;25;0;11;9;10;23;70439608194
26;Não;1;2;1;0;4;2;2;1;3;1;15;17;2;3;74274642050
45;Não;0;0;3;0;30;7;6;1;21;2;11;28;6;21;24043750946
32;Não;1;2;0;0;6;1;2;6;10;0;13;10;3;5;56561848435
31;Não;1;2;0;0;6;2;2;1;6;1;14;2;3;5;85638819001
41;Não;1;2;5;2;12;8;2;6;10;0;19;4;2;3;81703204466
40;Não;0;2;0;0;13;3;0;2;18;2;16;8;0;1;90526896609
24;Não;1;1;1;0;7;2;2;1;6;3;13;29;2;6;40789012859
46;Não;1;0;0;0;11;4;7;6;19;1;14;13;9;10;1841452575
35;Não;1;2;0;0;13;3;7;2;17;1;16;27;7;7;66503779239
30;Não;1;2;0;0;5;1;0;1;10;3;12;16;8;10;70221166575
47;Não;1;2;2;1;9;0;0;7;4;1;11;2;0;1;91066436748
46;Não;1;1;0;1;20;0;6;4;13;0;12;2;3;10;62430086230
36;Sim;1;1;2;1;12;0;2;5;16;4;13;13;2;2;77528718199
32;Sim;1;0;0;1;13;0;0;6;10;2;15;1;0;0;23321201439
23;Não;0;0;1;0;6;2;2;1;3;3;13;4;2;3;6863251806
31;Não;0;0;3;0;10;3;4;2;9;3;20;24;4;5;40182058964
39;Não;1;2;0;0;12;2;8;1;9;0;15;1;8;9;74647370520
32;Não;1;2;0;1;19;0;3;3;10;0;13;19;2;4;45967412422
40;Não;1;0;1;1;30;5;8;1;21;1;14;7;8;21;76010657773
45;Não;0;2;0;2;19;8;0;4;9;0;21;4;3;5;37060213648
30;Não;0;0;3;0;9;1;7;0;10;1;16;2;7;9;47829549690
24;Não;1;2;1;2;4;8;2;0;3;0;14;10;1;2;35911280348
30;Sim;0;1;5;2;4;8;2;6;6;0;11;8;2;4;41011190131
31;Não;1;2;3;1;16;0;2;1;6;0;19;5;2;5;30256882518
27;Não;0;0;1;0;6;1;2;1;6;0;11;8;4;6;29851040158
29;Sim;0;0;2;1;5;6;2;1;2;0;13;9;2;2;78111792820
29;Não;1;0;0;0;12;4;2;8;10;0;12;1;2;3;24377240081
30;Não;1;1;2;1;14;0;7;2;12;2;11;15;7;7;652491966
34;Não;1;2;1;0;5;1;0;0;6;1;14;2;2;5;7874666680
33;Não;0;0;2;1;10;0;7;8;13;0;15;2;7;11;71285867466
49;Não;0;0;2;1;9;0;1;3;8;1;12;11;4;5;73378281564
33;Sim;0;0;0;1;17;0;0;2;11;0;20;16;0;0;74940720646
38;Não;0;2;1;0;4;2;1;4;9;2;14;2;5;6;95294714833
31;Sim;1;2;2;1;16;0;0;2;10;1;13;16;0;1;44860336134
29;Não;0;1;3;0;4;1;0;1;1;0;13;4;0;1;1141123005
30;Não;1;2;0;0;10;4;0;3;10;0;16;16;7;7;28175952042
32;Não;1;0;3;0;5;1;7;2;12;1;14;5;7;7;521973421
38;Não;1;2;1;0;11;4;0;3;15;0;16;18;0;1;42718285699
43;Sim;1;2;3;0;4;1;0;9;6;0;16;17;0;1;72783897358
42;Não;1;1;1;0;5;2;3;8;7;0;22;12;4;5;45533501129
55;Não;1;2;1;0;30;7;0;8;34;0;12;2;0;1;48849561277
33;Não;1;1;3;0;6;1;8;5;11;0;15;4;7;9;74538470705
41;Não;1;1;0;0;4;2;3;1;5;1;20;9;4;5;68498502019
34;Não;1;1;0;1;8;0;14;1;15;0;14;10;7;15;55158745322
53;Não;0;2;1;0;25;3;2;4;27;1;20;1;2;3;47778629052
43;Não;1;0;0;2;7;8;7;0;10;0;13;2;8;9;7759937162
34;Não;0;0;0;1;12;0;2;5;6;2;12;3;2;2;46955443095
21;Sim;1;0;2;1;5;6;0;1;1;3;13;7;0;1;25655846144
38;Não;0;2;4;0;7;2;4;1;5;2;11;6;4;5;16937021398
22;Sim;0;2;1;0;4;2;0;1;1;3;17;8;0;1;25976886236
31;Não;0;2;2;1;10;0;7;1;13;1;14;29;7;12;56717603594
51;Não;0;2;3;0;26;5;2;2;15;0;11;3;2;2;25204873551
37;Não;1;2;2;1;8;0;2;1;5;2;14;9;3;5;23560229503
46;Não;1;1;1;0;30;7;1;7;24;1;17;2;2;2;6819925501
36;Não;1;2;0;0;16;4;8;7;15;0;13;10;7;12;54111608049
44;Sim;1;1;1;0;4;1;3;1;6;2;12;1;3;5;89559001763
37;Não;1;1;4;2;8;8;0;2;19;2;13;8;7;10;25363612509
35;Sim;1;0;0;1;11;0;7;1;10;0;18;27;7;10;93470999591
33;Não;1;2;0;0;6;1;8;6;14;1;19;8;6;10;74509515040
28;Não;1;2;0;0;4;1;3;1;5;0;11;1;3;5;97042245551
39;Não;1;0;1;0;26;7;3;7;9;3;21;10;2;4;36538777608
46;Não;1;0;0;1;15;0;2;8;6;2;15;26;2;2;28729224260
40;Não;0;2;0;0;6;2;3;4;7;2;17;2;2;4;17587457994
42;Não;1;2;1;0;11;4;0;5;10;0;18;13;0;0;10319756544
35;Não;1;1;1;0;11;3;7;2;15;2;14;2;7;7;35221354294
38;Não;1;1;5;2;5;8;10;5;13;0;13;2;8;11;60905718007
34;Sim;1;2;0;0;10;2;1;4;11;1;17;9;7;7;44636085400
37;Sim;1;0;1;0;8;3;3;1;10;1;15;10;8;10;20311732491
39;Não;1;1;0;1;8;0;1;2;7;0;18;20;2;2;42430246587
43;Não;1;0;0;0;4;1;2;4;7;0;13;9;2;3;67739970495
41;Não;1;0;0;0;13;4;2;3;11;0;12;5;2;3;30965866990
41;Não;0;1;2;1;20;0;14;0;23;3;13;4;5;22;36236620973
30;Não;0;0;1;0;19;3;7;9;9;0;14;10;2;7;19730922433
26;Sim;0;2;1;2;4;8;1;0;6;2;11;20;4;5;50126410170
46;Sim;0;2;1;0;17;4;7;4;13;2;22;21;7;9;85589358113
40;Não;0;1;0;0;13;4;3;4;12;0;17;1;3;5;66626016240
34;Não;1;2;3;1;13;0;8;1;10;2;21;8;8;10;6669011123
58;Não;1;1;1;1;30;5;9;4;37;0;22;2;14;16;35312583702
35;Não;1;2;1;0;5;2;4;0;6;1;16;23;3;5;39685596863
47;Não;0;1;0;0;20;3;11;8;28;0;12;4;10;22;27811078189
40;Não;0;1;0;0;8;4;4;2;15;0;12;12;7;7;86701989371
54;Não;0;2;1;0;13;1;1;4;14;1;15;7;7;7;22963624933
31;Não;0;2;2;1;19;0;2;2;9;1;14;7;2;3;96884665894
28;Não;0;2;1;0;7;1;2;1;3;0;25;1;2;3;30247386223
38;Não;0;2;2;1;10;6;2;2;20;1;20;2;3;4;77488786264
26;Não;1;0;1;1;9;0;3;1;5;0;13;10;2;5;39740254457
58;Não;1;2;0;0;30;7;2;2;23;1;14;15;2;2;34903017504
18;Não;0;0;1;0;3;1;0;1;0;0;16;14;0;0;53795656291
31;Sim;1;2;5;2;5;8;0;0;2;4;17;18;0;1;47509805122
29;Sim;1;1;5;2;4;8;2;4;4;0;15;13;0;2;33045820092
45;Não;0;2;0;1;10;0;7;4;10;1;22;2;7;8;83046165926
36;Não;0;2;4;0;13;1;0;4;15;1;22;2;0;1;10851685585
43;Não;1;2;0;1;11;0;7;1;7;1;20;2;7;7;32615438001
27;Não;0;0;0;0;4;2;4;0;6;2;14;5;2;5;5793823854
29;Não;1;2;1;0;7;2;8;1;11;3;13;20;10;11;3037638766
32;Não;1;0;2;1;9;0;0;8;4;1;13;10;0;0;37660347842
42;Não;1;2;3;0;5;1;3;3;10;1;22;10;3;6;68614310376
47;Não;0;0;0;0;4;2;2;4;7;1;12;9;0;2;31662542243
46;Não;1;1;0;0;17;3;8;3;12;2;14;2;7;9;6366323599
28;Não;1;1;0;2;5;8;2;1;3;2;15;1;2;3;10802855398
29;Não;1;1;0;0;12;4;0;8;11;3;17;29;6;7;90022952400
42;Não;1;0;0;0;7;2;0;4;8;0;13;8;0;0;16669218570
32;Sim;1;0;2;1;19;0;2;7;7;1;12;2;2;2;90061381654
46;Não;0;1;3;1;26;0;17;2;25;0;12;3;8;19;23584200025
27;Não;0;2;1;1;7;6;8;1;9;3;21;23;8;9;10517731909
29;Não;1;2;1;2;5;8;0;1;1;3;11;6;0;1;10981466379
43;Não;0;2;1;0;30;5;12;7;21;0;13;6;14;16;46765827936
48;Não;1;2;0;0;30;7;10;4;29;0;12;10;9;22;93314530745
29;Sim;1;0;0;0;4;1;0;1;1;2;24;24;0;1;18334394819
46;Sim;0;2;0;1;14;0;7;5;14;0;21;10;7;8;50489780433
27;Não;0;2;0;0;9;1;6;0;8;0;19;15;3;7;51462297859
39;Não;1;1;4;0;7;1;2;8;7;1;14;19;2;2;28212005193
55;Não;1;2;3;0;5;1;2;8;19;1;20;2;4;5;81586447302
28;Não;0;2;1;1;5;6;0;1;1;0;19;3;0;1;792276315
30;Sim;1;0;1;1;2;6;0;1;1;0;13;9;0;1;19775351061
22;Sim;1;0;0;0;4;1;0;1;1;3;23;7;0;1;6846380240
36;Não;0;2;3;1;11;0;9;1;10;1;13;10;7;10;83830340823
31;Não;1;1;0;0;8;2;8;1;10;0;11;20;2;10;27723812430
34;Não;1;2;0;1;19;0;3;2;9;0;13;4;0;5;61204492087
29;Não;1;0;0;0;4;2;2;3;11;0;14;7;2;3;37809754017
37;Não;1;2;1;0;8;1;3;5;16;1;22;7;4;5;90153861083
35;Não;0;2;4;0;9;3;2;0;4;2;11;16;2;3;34434743529
45;Não;0;2;0;0;11;3;8;0;10;2;13;25;8;9;70745593753
36;Não;1;0;5;2;7;8;1;1;10;3;21;2;8;10;38949805665
40;Não;1;1;0;0;30;5;7;2;22;1;11;1;16;19;36117727994
26;Não;0;2;0;0;5;1;0;1;1;2;13;1;0;1;1812055815
27;Não;0;0;1;1;13;0;7;0;9;2;14;2;7;8;93248740659
48;Não;0;1;1;0;30;5;17;3;24;0;11;22;7;22;88560518473
44;Não;1;2;0;0;10;4;0;2;10;1;15;1;2;2;22984594868
34;Sim;1;2;3;0;4;1;2;1;5;1;23;16;0;5;44004041081
56;Sim;1;0;0;0;5;2;2;1;5;2;16;24;0;4;42521166415
36;Não;1;2;2;1;11;0;2;2;12;2;16;17;3;4;67933600708
41;Não;0;2;2;1;8;0;4;5;14;0;21;8;4;5;99276122493
42;Não;1;2;1;0;26;7;7;9;18;0;13;6;7;13;97450971650
31;Não;0;1;1;1;13;0;2;2;8;2;11;10;4;5;51156961190
34;Não;0;2;1;1;16;0;2;3;9;3;12;3;1;4;88703967134
31;Não;0;1;1;0;7;2;2;8;4;0;12;4;2;2;43252319089
26;Não;1;2;4;0;5;2;7;0;8;0;18;6;7;7;3788746370
45;Não;1;0;1;0;10;4;2;4;12;1;12;1;3;4;77383667282
33;Não;1;0;2;1;10;0;4;1;10;1;14;10;9;10;19298986259
28;Não;1;2;0;1;13;0;7;1;7;2;12;1;7;7;36029010774
29;Sim;1;0;3;1;2;6;0;1;1;0;17;24;0;1;72055561445
39;Não;0;2;0;1;11;0;2;6;10;1;19;21;2;3;45894723285
27;Não;1;2;3;0;4;1;3;1;6;1;11;2;2;5;89111984547
34;Não;1;2;4;0;11;1;10;1;16;1;15;22;11;15;98983083976
28;Sim;0;0;2;1;19;0;0;3;6;2;11;13;2;2;2027974696
47;Não;1;2;3;0;10;1;7;8;16;1;18;14;7;8;90268183583
56;Não;0;2;2;1;10;0;0;4;6;4;16;11;0;0;14256160013
39;Não;1;2;1;0;10;3;0;1;10;2;25;9;9;10;19478124578
38;Não;0;1;1;0;4;1;11;1;20;0;16;8;7;20;14668411628
58;Não;0;2;0;1;30;5;0;4;29;0;13;21;0;1;75829982383
32;Sim;0;0;0;0;4;1;1;3;8;2;14;5;3;4;51778055097
38;Não;1;1;0;0;9;1;2;2;10;2;19;9;3;5;59743283387
49;Não;1;2;0;0;30;7;4;3;28;3;15;2;3;5;53336084628
42;Não;1;1;2;1;10;0;0;3;14;1;12;12;0;0;70575060744
27;Sim;0;2;5;2;5;8;0;1;1;0;12;22;0;1;68067897075
35;Não;1;2;1;1;11;0;3;0;6;1;16;18;4;5;45559940134
28;Não;1;0;1;0;4;1;3;1;5;0;14;16;4;5;59555791736
31;Não;1;1;1;0;6;1;2;1;4;2;13;3;3;4;92020101513
36;Não;1;2;0;0;5;2;4;1;5;1;22;9;2;5;29459022907
34;Não;1;0;2;1;19;0;8;1;14;0;21;1;1;14;59164464904
34;Não;1;1;1;1;17;0;7;1;9;1;18;13;1;8;73295731616
26;Não;1;0;1;0;5;2;7;0;8;0;13;1;6;7;29718223070
29;Não;1;2;0;0;10;4;3;0;6;0;12;1;2;5;67063695464
32;Não;0;1;1;0;13;4;1;5;9;1;18;15;2;5;16450782467
31;Não;1;2;0;0;10;1;8;1;10;0;21;1;7;10;25655713013
28;Sim;1;1;3;0;4;2;1;5;6;0;12;17;3;4;54712406596
38;Não;1;0;0;1;5;6;0;4;20;0;14;1;0;1;47870237314
35;Não;0;2;0;1;10;0;8;1;10;1;11;7;9;10;82878788297
27;Não;1;0;2;1;8;0;7;1;7;0;14;9;7;7;34364257681
32;Não;1;0;0;0;19;3;0;8;8;1;24;5;0;1;6522366454
31;Sim;1;2;2;1;11;0;7;1;10;1;11;26;8;10;35431711041
53;Sim;1;0;0;1;20;0;2;6;15;1;13;24;2;2;3790353133
54;Não;0;2;0;0;5;1;3;3;9;2;11;9;3;4;35672950277
33;Não;1;1;0;0;11;4;7;1;9;2;20;7;8;9;48087837929
43;Não;1;2;0;0;15;4;9;1;10;0;17;11;9;10;56355743327
38;Não;1;2;4;2;5;8;2;0;7;1;11;1;2;6;45665170450
55;Não;1;2;5;2;30;5;9;4;35;1;18;26;4;10;95657296135
31;Não;0;1;1;0;2;2;0;1;1;3;11;2;0;1;55825902946
39;Não;1;0;2;1;26;0;8;0;21;1;12;15;10;20;9096048606
42;Não;1;0;0;0;8;1;9;1;20;2;12;23;7;20;45803264031
31;Não;0;2;1;0;22;7;7;4;13;0;20;10;8;11;86086074540
54;Não;0;0;1;0;8;3;2;6;9;0;19;10;4;5;1630768864
24;Não;1;0;0;0;9;4;3;1;4;2;12;1;2;4;37864556409
23;Não;1;0;4;0;5;2;2;1;5;2;13;12;4;5;16069278265
40;Não;0;2;3;0;12;2;9;1;10;0;11;11;4;10;70241739408
40;Não;0;2;2;1;11;0;8;3;15;2;14;2;10;11;79960776930
25;Não;0;2;5;2;4;8;0;4;6;0;14;2;2;2;55176174662
30;Não;1;2;1;0;7;2;8;1;12;2;13;1;7;12;7106940867
25;Não;1;1;4;0;7;2;2;6;7;3;19;2;2;2;83268915988
47;Não;1;0;1;0;17;4;14;2;25;0;23;25;11;17;51180531627
33;Não;1;1;1;0;4;2;1;1;1;2;12;1;0;1;28620179748
38;Não;1;2;0;1;8;0;13;0;16;1;15;1;8;15;76074785947
31;Não;1;2;0;1;6;6;2;0;3;2;19;2;2;2;76209827002
38;Não;1;2;0;0;10;3;3;2;10;1;11;6;7;8;59922998800
42;Não;1;1;0;0;10;1;3;6;9;1;17;18;2;4;52924627828
41;Não;1;2;0;0;5;1;3;3;12;0;22;1;0;5;63008050058
47;Não;0;2;1;0;23;7;8;0;14;3;18;1;12;13;38668055347
35;Não;1;2;1;0;5;2;2;7;5;1;11;11;2;2;26087936457
22;Não;1;0;0;0;6;1;2;0;4;2;12;1;2;3;6528797513
35;Não;1;0;1;0;10;1;7;1;10;1;19;9;8;10;7099990657
33;Não;0;2;1;0;9;4;7;0;10;2;13;15;1;9;92236175995
32;Não;0;0;0;0;5;2;2;1;6;1;13;29;1;6;50127128113
40;Não;1;2;0;0;4;2;0;8;8;1;19;1;0;1;61376045669
32;Não;1;2;1;1;4;6;2;0;3;1;14;1;2;2;5040052817
39;Não;1;0;0;0;8;1;7;7;18;3;13;24;7;7;69509371922
38;Não;0;2;1;0;26;7;16;3;20;0;12;10;11;18;30762495129
32;Não;0;2;2;1;20;0;10;1;14;1;19;1;7;14;66808193239
37;Não;0;2;0;0;27;7;11;1;16;0;25;10;8;16;37672038870
25;Não;0;1;4;1;9;0;3;0;6;2;22;8;4;5;57759925463
52;Não;1;1;0;1;6;6;8;2;16;1;15;29;0;9;15113482505
44;Não;1;0;1;0;4;1;3;6;6;0;12;1;2;4;40969492488
21;Não;1;0;1;1;4;6;2;1;2;3;11;5;2;2;41983561032
39;Não;1;0;0;0;30;5;0;2;21;0;13;9;3;6;90498927399
23;Sim;1;2;2;1;3;6;0;1;1;0;19;9;0;1;97711319257
36;Não;0;2;1;1;15;0;7;0;10;0;19;3;4;9;28614001367
36;Não;0;1;0;0;10;3;2;7;18;2;13;4;2;4;15260914478
56;Não;1;1;0;0;12;4;12;1;13;1;21;1;9;13;6939910778
29;Sim;1;2;1;0;9;1;2;9;4;1;14;1;2;2;97196785117
42;Não;1;2;0;0;30;5;6;5;24;0;11;2;14;22;85431007334
56;Sim;1;2;3;0;4;2;9;8;14;2;11;7;8;10;23541711951
41;Não;0;2;0;0;27;3;7;0;21;1;23;28;10;20;77527669740
34;Não;0;2;2;1;13;0;7;1;8;0;21;28;7;8;82753830364
36;Não;1;1;2;1;10;0;12;1;15;1;24;15;11;15;26983309092
41;Não;1;1;0;1;17;0;4;2;14;0;11;3;4;5;34746745678
32;Não;1;0;3;0;4;1;2;1;4;0;14;2;2;4;55225414552
35;Não;0;0;0;2;17;8;0;1;9;1;16;26;7;9;18077695988
38;Não;0;2;0;1;10;0;7;1;10;2;11;10;9;10;97661599758
50;Sim;1;1;0;1;13;0;3;7;12;1;12;1;1;6;99469363082
36;Não;0;2;2;1;13;0;3;4;8;1;13;11;0;6;95065052374
45;Não;0;0;0;1;9;0;3;8;8;0;15;20;1;5;20976630059
40;Não;1;0;0;0;5;1;2;2;8;1;14;2;2;2;39047169316
35;Não;1;2;0;0;11;4;2;1;10;1;14;18;2;10;31843898468
40;Não;0;2;1;0;4;1;3;2;20;1;14;2;2;5;94322991961
35;Não;0;2;0;0;5;1;3;1;4;1;12;1;1;4;57332712670
29;Não;1;2;4;0;8;2;3;4;10;2;13;13;3;4;38090466746
29;Não;0;0;1;0;7;1;4;1;5;1;14;28;4;5;95209547477
50;Sim;1;1;2;1;21;0;2;4;20;0;13;28;0;3;62705641909
39;Não;0;2;2;1;24;0;9;0;21;3;11;24;6;20;74213158702
31;Não;1;0;1;0;19;3;4;0;10;0;19;5;7;9;72189635174
26;Não;0;0;4;1;5;6;2;0;5;0;18;5;0;4;18809320
36;Não;1;2;1;0;5;2;2;4;17;2;17;23;3;5;17870074039
39;Não;1;2;1;0;19;4;7;4;9;3;15;6;7;7;1643457238
27;Não;1;2;0;0;12;3;2;1;6;0;20;4;3;6;64590857558
49;Não;1;2;1;1;10;0;6;2;17;0;14;2;8;9;880860641
34;Não;1;2;1;0;8;2;3;2;6;0;12;8;2;4;27799081097
