idade;evasao;genero_id;estado_civil_id;formacao_id;departamento_id;salario;cargo_id;tempo_trabalho;quantidade_empresas_trabalhou;quantidade_anos_trabalhados_anteriormente;nivel_escolaridade_id;aumento_percentual_do_salario;distancia_de_casa;anos_com_o_atual_gestor;anos_na_empresa;cpf;satisfacao_trabalho
41;Sim;2;2;5;6;5993;5;4;8;8;6;11;1;5;6;77627114367;4
49;Não;3;3;5;5;5130;6;7;1;10;4;23;8;7;10;10985367177;2
37;Sim;3;2;9;5;2090;7;0;6;7;6;15;2;0;0;38458610573;3
33;Não;2;3;5;5;2909;6;7;1;8;9;11;3;0;8;95259724396;3
27;Não;3;3;6;5;3468;7;2;9;6;4;12;2;2;2;75098503248;2
32;Não;3;2;5;5;3068;7;7;0;8;6;13;2;6;7;28575615593;4
59;Não;2;3;6;5;2670;7;0;4;12;8;20;3;0;1;92967802618;1
30;Não;3;5;5;5;2693;7;0;1;1;4;22;24;0;1;88040433827;3
38;Não;3;2;5;5;9526;8;7;0;10;8;21;23;8;9;3911858052;3
36;Não;3;3;6;5;5237;9;7;6;17;8;13;27;7;7;16176692277;3
35;Não;3;3;6;5;2426;7;4;0;6;8;13;16;3;5;38910374737;2
29;Não;2;2;5;5;4193;7;5;0;10;6;12;15;8;9;72368271854;3
31;Não;3;5;5;5;2911;6;2;1;5;4;17;26;3;5;64935138110;3
34;Não;3;5;6;5;2661;7;2;0;3;6;11;19;2;2;48693642132;4
28;Sim;3;2;5;5;2028;7;2;5;6;8;14;24;3;4;84765633502;3
29;Não;2;5;5;5;9980;8;9;1;10;9;11;21;8;10;86934708731;1
32;Não;3;5;5;5;3298;6;2;0;7;6;12;5;5;6;1435868069;2
22;Não;3;5;6;5;2935;7;0;1;1;6;13;16;0;1;90712403447;4
53;Não;2;3;5;6;15427;4;8;2;31;9;16;2;7;25;55522114315;4
38;Não;3;2;5;5;3944;6;2;5;6;8;11;2;2;3;16617073446;4
24;Não;2;5;9;5;4011;8;2;0;5;6;18;11;3;4;38529372253;3
36;Sim;3;2;5;6;3407;9;3;7;10;9;23;9;3;5;300722110;1
34;Não;2;2;5;5;11994;11;6;0;13;9;11;7;11;12;80837551924;2
21;Não;3;2;5;5;1232;6;0;1;0;6;14;15;0;0;26396188650;4
34;Sim;3;2;6;5;2960;6;2;2;8;4;11;6;3;4;47255735506;1
53;Não;2;5;9;5;19094;4;13;4;26;8;11;5;8;14;30611969517;3
32;Sim;2;2;5;5;3919;6;2;1;10;4;22;16;7;10;76540352486;1
42;Não;3;3;7;6;6825;5;7;0;10;9;11;8;2;9;52417073574;2
44;Não;2;3;6;5;10248;9;6;3;24;9;14;7;17;22;39045324980;4
46;Não;2;2;7;6;18947;4;2;3;22;9;12;2;1;2;40877645232;1
33;Não;3;2;6;5;2496;7;1;4;7;8;11;2;0;1;83512432626;4
44;Não;3;3;9;5;6465;9;2;2;9;9;13;10;3;4;17550502140;4
30;Não;3;2;6;5;2206;7;0;1;10;6;13;9;8;10;81652275561;3
39;Sim;3;3;8;6;2086;9;0;3;19;8;14;5;0;1;7814437701;4
24;Sim;3;3;6;5;2293;6;0;2;6;8;16;1;0;2;66406667817;4
43;Não;2;5;6;5;2645;6;3;1;6;6;12;2;4;5;18560990939;3
50;Sim;3;3;7;6;2683;9;2;1;3;6;14;3;2;3;48880122952;3
35;Não;2;3;7;6;2014;9;2;1;2;8;13;2;2;2;5509565941;4
36;Não;2;3;5;5;3419;6;1;9;6;9;14;5;0;1;39547615712;1
33;Não;2;3;5;6;5376;5;3;2;10;8;19;1;3;5;12562273272;1
35;Não;3;5;9;5;1951;7;0;1;1;6;12;4;0;1;25286355121;4
27;Não;2;5;5;5;2341;7;0;1;1;9;13;2;0;1;31236392488;1
26;Sim;3;2;5;5;2293;7;0;1;1;8;12;25;1;1;47444821918;3
27;Não;3;2;5;6;8726;5;8;1;9;8;15;8;7;9;70559415946;3
30;Não;2;2;6;5;4011;7;8;1;12;6;23;1;7;12;17719769987;4
41;Sim;2;3;8;5;19545;11;15;1;23;8;12;12;8;22;79389555732;3
34;Não;3;2;7;6;4568;5;5;0;10;9;20;23;7;9;96366630121;3
37;Não;3;3;5;5;3022;6;0;4;8;6;21;19;0;1;62817423452;2
46;Não;3;2;7;6;5772;5;6;4;14;9;21;5;8;9;12058079857;4
35;Não;3;3;5;5;2269;7;0;1;1;4;19;8;1;1;72284259132;4
48;Sim;3;2;5;5;5381;7;0;9;23;6;13;1;0;1;49716871127;3
28;Sim;3;2;8;5;3441;7;2;1;2;9;13;5;2;2;7842142063;3
44;Não;2;5;7;6;5454;5;3;5;9;10;21;1;3;4;2989550317;1
35;Não;3;3;6;5;9884;9;0;2;10;6;13;11;3;4;8724466707;1
26;Não;2;3;7;6;4157;5;2;7;5;8;19;23;0;2;38750996183;4
33;Não;2;2;5;5;13458;11;14;1;15;6;12;1;12;15;35055889609;4
35;Não;3;3;5;6;9069;5;8;1;9;10;22;18;8;9;36094394192;1
35;Não;2;3;6;5;4014;7;2;3;4;9;15;23;2;2;18270348079;1
31;Não;3;5;5;5;5915;7;7;3;10;9;22;7;7;7;78715087977;4
37;Não;3;5;5;5;5993;8;5;1;7;9;18;1;7;7;60099359815;3
32;Não;3;3;6;5;6162;8;8;1;9;8;22;1;8;9;17189773636;4
38;Não;2;2;5;5;2406;7;3;1;10;10;11;29;9;10;51598855376;4
50;Não;2;5;6;5;18740;11;3;5;29;6;12;7;8;27;61423700661;3
59;Não;2;2;5;6;7637;5;16;7;28;8;11;25;9;21;43634435493;1
36;Não;2;5;8;5;10096;9;14;1;17;8;13;8;8;17;1914664;3
55;Não;2;5;6;5;14756;4;0;2;21;8;14;8;2;5;33291092710;3
36;Não;3;2;5;5;6499;8;5;1;6;8;13;11;3;6;62330334244;2
45;Não;3;5;5;5;9724;6;0;2;25;8;17;7;0;1;57801232330;1
35;Não;3;3;6;5;2194;6;2;4;5;8;13;1;2;3;39228726397;1
36;Sim;3;3;6;5;3388;6;0;0;2;8;17;9;0;1;52100667354;3
59;Não;2;2;5;6;5473;5;3;7;20;4;11;1;3;4;86893659882;3
29;Não;3;3;5;5;2703;6;4;0;6;8;23;2;4;5;70628717966;2
31;Não;3;2;6;5;2501;6;1;1;1;9;17;1;0;1;26850056373;2
32;Não;3;3;5;5;6220;6;4;1;10;8;17;1;9;10;51105864479;2
36;Não;2;3;5;5;3038;7;0;3;5;8;12;6;0;1;35020543063;4
31;Não;2;2;5;5;4424;8;7;1;11;9;23;8;8;11;24624241311;4
35;Não;3;2;7;6;4312;5;13;0;16;9;14;1;8;15;14386379846;1
45;Não;3;3;9;5;13245;11;0;4;17;9;14;6;0;0;2388879968;1
37;Não;3;2;6;5;13664;11;2;4;16;9;13;7;2;5;39813199514;3
46;Não;3;5;6;4;5021;12;2;8;16;6;22;5;2;4;9749140545;2
30;Não;3;3;5;5;5126;7;8;1;10;4;12;1;0;10;71077362627;4
35;Não;3;2;6;5;2859;6;4;1;6;8;18;1;4;6;66784325537;3
55;Não;3;3;5;6;10239;5;0;3;24;6;14;1;0;1;38374293768;4
38;Não;2;5;6;5;5329;6;11;7;17;8;12;6;9;13;22301073401;4
34;Não;3;3;6;5;4325;8;2;1;5;6;15;1;3;5;21274455580;2
56;Não;3;2;5;5;7260;8;4;4;37;8;11;7;2;6;84221442030;4
23;Não;3;5;8;6;2322;9;0;3;3;4;13;2;0;0;48905572854;1
51;Não;3;3;5;5;2075;7;2;3;10;9;23;9;3;4;43780241570;4
30;Não;3;3;5;5;4152;9;10;1;11;8;19;2;8;11;40495088134;4
46;Sim;3;2;6;6;9619;5;8;1;9;6;16;9;7;9;41368323215;4
40;Não;3;3;5;5;13503;9;3;1;22;9;22;1;11;22;34102438918;2
51;Não;3;2;7;6;5441;5;7;0;11;9;22;21;0;10;35723454653;4
30;Não;2;5;6;6;5209;5;8;1;11;6;12;4;7;11;74904557095;2
46;Não;3;3;6;5;10673;9;9;2;21;8;13;1;5;10;33764498959;1
32;Não;3;2;6;6;5010;5;8;1;12;9;16;6;7;11;75319603941;3
54;Não;2;3;8;5;13549;11;3;9;16;9;12;2;3;4;38156449833;3
24;Não;2;3;9;6;4999;5;2;0;4;6;21;3;2;3;91757020624;3
28;Não;3;3;6;6;4221;5;4;1;5;8;15;4;4;5;28839358665;3
58;Não;3;2;6;6;13872;5;10;0;38;9;13;10;8;37;25359432670;3
44;Não;3;3;6;5;2042;7;2;4;17;8;12;23;2;3;71588290665;2
37;Sim;3;5;10;4;2073;12;2;4;7;9;22;6;2;3;36838207618;1
32;Não;3;2;5;5;2956;6;0;1;1;4;13;1;0;1;95179316860;1
20;Sim;2;2;5;5;2926;7;0;1;1;8;18;6;0;1;98351041716;4
34;Não;2;2;9;5;4809;6;13;1;16;9;14;6;10;16;67360083513;3
37;Não;3;5;5;5;5163;9;0;5;17;6;14;2;0;1;86091638944;4
59;Não;2;3;10;4;18844;4;2;9;30;9;21;2;2;3;87660704695;4
50;Não;2;3;5;5;18172;11;3;3;28;8;19;1;7;8;64124830685;2
25;Sim;3;2;7;6;5744;5;4;1;6;8;11;5;3;6;97558539466;3
25;Não;3;3;6;5;2889;6;2;1;2;4;11;7;1;2;1552087422;4
22;Não;2;2;6;5;2871;7;0;1;1;8;15;15;0;0;24280724565;4
51;Não;2;2;6;5;7484;9;12;3;23;9;20;1;8;13;60880967980;1
34;Sim;3;2;5;5;6074;7;7;1;9;8;24;7;6;9;36745765312;3
54;Não;2;2;10;4;17328;4;3;2;23;8;12;26;4;5;46964096265;4
24;Não;3;3;5;5;2774;7;3;0;6;4;12;18;2;5;80200357316;3
34;Não;2;5;5;5;4505;6;0;6;12;9;15;6;0;1;931230155;2
37;Não;3;2;5;6;7428;5;3;2;12;8;12;3;3;5;85720603162;4
34;Não;2;2;6;5;11631;4;10;2;14;8;12;5;8;11;34447743971;1
36;Não;2;3;8;6;9738;5;7;0;10;6;14;11;8;9;83782397334;4
36;Não;2;5;5;5;2835;7;0;5;7;6;22;3;0;1;8306306810;4
43;Não;3;3;5;6;16959;4;12;1;25;6;12;26;12;25;43444485408;4
30;Não;3;5;5;5;2613;6;7;1;10;8;25;23;9;10;17309239247;3
33;Não;3;3;7;6;6146;5;7;0;8;6;13;22;7;7;63894141322;2
56;Sim;2;3;5;5;4963;6;4;9;7;9;18;14;3;5;38555259977;2
51;Não;3;2;5;5;19537;11;18;7;23;8;13;6;15;20;98397761204;3
31;Sim;3;3;5;6;6172;5;7;4;12;9;18;6;7;7;27438819585;3
26;Não;2;3;9;5;2368;6;4;1;5;8;19;6;3;5;80511826080;2
58;Sim;2;3;6;5;10312;9;10;1;40;9;12;23;6;40;16450770976;4
19;Sim;3;2;7;6;1675;9;0;1;0;4;19;22;0;0;68660307820;3
22;Não;3;3;8;5;2523;7;1;0;3;4;14;2;1;2;95752987878;4
49;Não;2;3;6;5;6567;8;11;1;16;9;14;20;11;15;36538537839;1
43;Não;2;2;6;5;4739;6;2;4;18;8;12;28;2;3;93407475958;3
50;Não;2;2;7;6;9208;5;2;4;16;8;11;12;1;2;54842000850;4
31;Sim;2;3;5;6;4559;5;2;3;4;8;11;20;2;2;48050952420;3
41;Não;3;5;5;6;8189;5;7;3;12;4;13;9;7;9;64412200019;3
26;Não;2;3;5;4;2942;12;7;1;8;4;23;25;7;8;49676517156;3
36;Não;3;5;6;5;4941;8;2;6;7;6;20;6;1;3;89767319421;2
51;Sim;3;2;5;5;10650;8;2;2;18;9;15;8;3;4;26394798980;4
39;Não;2;3;5;6;5902;5;11;4;17;9;14;4;9;15;61624207259;3
25;Não;3;3;5;6;8639;5;2;2;6;8;18;28;2;2;60318414009;3
30;Não;3;3;10;4;6347;12;9;0;12;8;19;9;7;11;50622287343;4
32;Sim;2;2;6;5;4200;7;4;7;10;8;22;9;4;5;44908070244;1
45;Não;3;2;6;5;3452;6;5;5;9;8;13;29;3;6;84273149316;4
38;Não;2;2;8;5;4317;6;2;3;19;10;20;3;2;3;53524047946;3
30;Não;2;2;5;5;2632;6;4;1;5;8;14;18;4;5;72363241463;3
32;Não;3;5;6;6;4668;5;7;0;9;6;17;9;7;8;16304909858;4
30;Não;2;5;8;5;3204;6;2;5;8;8;14;5;2;3;48184182994;1
30;Não;3;2;6;5;2720;7;3;0;6;4;13;2;2;5;62077963701;4
41;Não;3;5;5;5;17181;4;6;4;21;8;13;10;7;7;24091670091;1
41;Não;3;3;5;5;2238;7;0;2;7;9;21;9;4;5;90169347408;1
19;Não;2;2;6;5;1483;7;0;1;1;4;14;3;0;1;16340824793;2
40;Não;2;5;6;5;5605;6;7;1;20;8;11;26;13;20;6738705081;2
35;Não;3;3;7;6;7295;5;8;1;10;10;13;1;6;10;69125333631;2
53;Não;3;3;7;6;2306;9;7;2;13;6;20;6;5;7;67830179649;3
45;Não;3;5;5;5;2348;7;9;8;20;8;18;9;15;17;33831882000;2
32;Não;2;2;7;6;8998;5;8;1;9;8;14;8;7;9;64417808581;4
29;Não;3;3;8;5;4319;8;7;1;10;4;13;1;9;10;25135789691;3
51;Não;3;3;6;5;6132;8;0;2;10;9;17;7;0;1;14091412180;3
58;Não;2;3;6;5;3346;6;0;4;9;8;20;9;0;1;62102911487;2
40;Não;3;3;7;6;10855;5;11;7;15;9;11;4;11;12;80388042163;4
34;Não;2;3;7;6;2231;9;3;6;6;9;18;2;2;4;33889215002;3
22;Não;3;3;6;5;2323;6;2;1;2;4;24;19;2;2;53774747971;4
27;Não;3;5;6;5;2024;6;2;6;6;8;18;9;2;2;91892318433;2
28;Não;3;3;6;5;2713;6;2;1;5;8;11;21;2;5;9984617239;4
57;Não;3;5;5;5;9439;9;3;3;12;6;16;24;4;5;79777496314;4
27;Não;3;5;6;5;2566;6;1;1;1;8;15;3;1;1;11956409762;3
50;Não;2;2;5;5;19926;4;4;3;21;8;15;11;4;5;94832014074;2
41;Não;3;5;5;5;2451;6;8;4;13;8;12;14;8;9;51144854906;3
30;Não;2;3;5;6;9419;5;9;2;12;8;12;5;4;10;41399968078;4
38;Não;2;2;5;6;8686;5;3;4;12;9;22;1;7;8;51482067656;4
32;Não;3;2;5;5;3038;6;4;3;8;10;20;6;4;5;83266919994;3
27;Não;3;3;8;5;3058;6;2;0;6;8;16;17;1;5;40735153813;2
19;Sim;2;2;8;6;2325;9;0;0;1;4;21;1;0;0;72213481855;1
36;Não;3;2;6;5;2088;7;7;4;13;6;12;3;2;8;72184465534;2
30;Não;3;5;6;5;3072;7;9;1;12;8;11;9;10;12;20651209976;1
45;Não;2;5;5;6;5006;5;4;4;9;6;11;4;3;5;60875616848;1
56;Não;2;5;5;5;4257;6;2;4;19;8;18;8;2;2;90346664099;1
33;Não;3;2;5;5;2500;6;1;0;4;8;14;2;2;3;12509596730;4
19;Sim;3;2;5;5;1102;7;0;1;1;8;22;2;0;1;93862079966;4
46;Não;2;5;7;6;10453;5;13;1;24;6;25;1;7;24;95529376618;1
38;Não;2;2;5;5;2288;7;2;1;2;6;12;9;1;2;42888679706;4
31;Não;2;3;6;5;3929;6;2;8;7;4;23;12;2;4;67240547466;4
34;Não;2;2;6;5;2311;6;2;2;9;6;15;27;2;3;2517901935;2
41;Sim;2;2;7;6;3140;9;3;1;4;6;22;20;2;4;22372522107;2
50;Não;3;3;6;5;3690;7;2;2;5;8;15;1;2;3;55309107099;3
53;Não;2;5;6;5;4450;8;2;1;5;6;11;13;3;4;77428841777;1
33;Não;2;3;6;5;2756;6;7;1;8;8;13;14;6;8;60501411777;2
40;Não;2;3;6;5;19033;4;8;1;21;4;14;4;9;20;55423387263;3
55;Não;3;2;6;5;18722;11;15;8;36;9;11;14;15;24;67881548840;2
34;Não;3;3;5;5;9547;8;9;1;10;4;17;2;9;10;46453985242;3
51;Não;2;2;6;5;13734;9;7;3;21;8;18;3;0;7;20966001637;2
52;Não;3;3;5;5;19999;4;18;0;34;9;14;1;9;33;41540822380;3
27;Não;2;2;6;5;2279;6;7;1;7;8;16;9;3;7;63610446628;2
35;Sim;3;3;5;5;5916;8;0;3;8;6;13;23;1;1;15692618298;3
43;Não;3;5;6;5;2089;6;4;4;7;8;14;7;2;5;61504149515;4
45;Não;3;3;6;5;16792;4;8;9;22;6;23;2;8;20;8881768868;4
37;Não;3;3;5;5;3564;6;7;1;8;8;12;21;7;8;62423933444;1
35;Não;2;2;6;5;4425;7;2;5;10;8;11;2;2;6;79317443307;2
42;Não;2;5;6;5;5265;8;3;2;11;6;16;21;2;5;63238588207;3
38;Não;3;3;5;5;6553;8;0;9;14;9;14;2;0;1;69338382339;3
38;Não;3;3;8;5;6261;8;7;3;9;8;18;29;7;7;88205275567;4
27;Não;3;3;8;5;4298;8;2;5;6;4;19;1;0;2;32791360746;1
49;Não;3;5;5;5;6804;8;7;1;7;9;15;18;7;7;7169263295;4
34;Não;3;5;6;5;3815;6;3;1;5;9;17;10;0;5;83126549017;3
40;Não;3;3;6;5;2741;7;2;8;15;6;15;19;7;7;59902871043;4
38;Sim;3;3;6;5;6673;9;0;7;17;4;19;29;0;1;33609525693;1
29;Sim;2;3;7;6;7639;5;4;1;10;8;22;27;9;10;91830343129;4
22;Não;3;5;5;5;2328;6;2;1;4;8;16;5;2;4;47183191069;2
36;Não;2;2;6;5;2153;7;1;1;8;4;13;18;7;8;70381638991;4
40;Não;3;3;5;5;4876;9;2;9;5;10;14;9;2;3;14369795443;4
46;Não;3;5;6;5;9396;9;2;7;17;9;16;1;3;4;1194123574;1
32;Sim;3;3;6;6;10400;5;8;1;14;9;11;4;8;14;38344588108;4
30;Não;3;2;5;5;8474;8;8;1;12;4;22;1;8;11;37711762719;3
27;Não;2;2;5;6;9981;5;7;1;7;8;14;20;7;7;59166136592;3
51;Não;3;3;5;5;12490;11;9;5;16;9;16;8;7;10;2741131283;2
30;Sim;2;2;8;5;2657;6;2;5;8;8;11;3;4;5;74540616456;1
41;Não;2;2;5;6;13591;4;0;3;16;8;18;6;0;1;63313223917;4
30;Sim;2;2;7;6;6696;5;3;5;9;9;15;26;1;6;13194550452;1
29;Sim;3;2;8;5;2058;6;2;0;7;8;14;1;5;6;59002308139;3
45;Não;2;2;6;6;8865;5;7;6;23;8;12;6;8;19;78686690860;4
54;Não;2;3;7;6;5940;5;2;2;16;8;14;3;5;6;35089136646;1
36;Não;3;2;5;5;5914;7;11;8;16;6;16;5;7;13;23423202559;2
33;Não;2;3;6;5;2622;6;2;6;7;9;21;4;1;3;5524697939;2
37;Não;3;5;9;5;12185;11;8;1;10;8;14;11;7;10;86237425776;4
38;Não;3;5;5;6;10609;5;10;0;17;8;12;3;13;16;89265851848;3
31;Não;3;3;6;5;4345;8;4;0;6;9;12;1;4;5;72519035959;3
59;Não;3;3;5;5;2177;6;0;3;7;8;17;3;0;1;34407958879;4
37;Não;3;5;7;6;2793;9;8;4;13;9;17;4;8;9;14673865017;4
29;Não;2;3;6;6;7918;5;10;1;11;4;14;1;1;11;60610115795;4
35;Não;2;2;7;6;8789;5;7;1;10;8;14;1;8;10;7640793677;3
29;Sim;3;2;6;5;2389;6;3;1;4;4;13;18;1;4;82474518065;4
52;Não;2;2;5;5;3212;7;2;7;6;8;15;2;2;2;61737224479;4
42;Não;3;3;8;5;19232;4;17;1;22;6;11;4;15;22;94542532751;4
59;Não;3;3;6;4;2267;12;2;8;7;6;17;6;2;2;7210334745;3
50;Não;2;5;6;6;19517;4;0;3;32;9;11;1;6;7;38924622310;4
33;Sim;3;3;6;5;2436;7;4;5;8;8;13;14;4;5;24288194571;4
43;Não;2;3;7;6;16064;4;13;5;22;8;22;16;9;17;74114798026;4
33;Sim;2;3;5;5;2707;7;7;7;13;6;20;2;7;9;60453992887;1
52;Não;3;2;5;6;19068;4;7;1;33;9;18;2;12;33;67394824653;3
32;Não;2;3;5;6;3931;9;3;2;6;6;11;4;2;4;30078042185;2
32;Sim;3;2;5;5;3730;7;2;0;4;8;14;1;2;3;86545860665;3
39;Não;2;5;6;5;2232;7;2;7;7;9;14;1;2;3;35469440847;3
32;Não;3;3;7;6;4465;5;2;0;4;9;18;26;2;3;81016406142;4
41;Não;3;5;5;5;3072;6;0;2;17;6;16;19;0;1;75136436879;1
40;Não;3;5;8;5;3319;6;8;1;9;6;17;24;7;9;33617233384;4
45;Não;3;3;9;5;19202;4;0;0;25;8;11;1;7;24;97526388569;4
31;Não;3;5;6;5;13675;11;2;9;9;9;12;3;2;2;84981717236;3
33;Não;2;3;5;5;2911;6;2;1;2;9;13;5;2;2;38710613515;4
34;Não;3;3;5;5;5957;8;9;6;13;9;13;2;9;11;34185049825;1
37;Não;2;3;6;5;3920;6;1;2;17;6;14;1;2;3;39936746020;1
45;Não;3;3;5;5;6434;8;2;4;9;9;17;7;2;3;64627752749;3
37;Sim;3;5;6;5;10048;8;0;6;17;8;11;10;0;1;99170492899;3
39;Não;2;2;8;5;10938;9;6;0;20;9;25;2;8;19;74289937199;3
29;Não;3;2;5;5;2340;6;5;1;6;8;19;15;5;6;22508221832;4
42;Não;2;2;5;5;6545;6;2;3;10;6;13;17;2;3;65687520829;1
29;Não;3;5;7;6;6931;5;2;2;10;6;14;20;2;3;18467974053;4
25;Não;2;3;5;5;4898;8;2;0;5;8;12;1;2;4;88923808247;3
42;Não;2;5;6;5;2593;7;6;0;10;8;11;2;8;9;11678962767;1
40;Não;3;5;6;5;19436;11;7;0;22;6;19;2;9;21;86980360458;3
51;Não;3;3;5;5;2723;6;0;1;1;8;11;1;0;1;65458713134;4
31;Sim;3;2;6;5;3479;7;4;0;6;6;11;29;4;5;17414215827;2
32;Não;3;3;5;5;2794;7;1;1;5;8;20;7;3;5;65374101036;2
38;Não;3;3;5;6;5249;5;7;3;13;6;18;2;5;8;90393333827;4
32;Não;3;2;8;5;2176;7;2;4;9;4;13;2;4;6;73635660714;1
46;Não;2;3;8;6;16872;4;7;3;28;8;12;2;7;7;15047883675;2
28;Sim;3;2;5;5;3485;7;0;2;5;9;11;2;0;0;76219922775;3
29;Não;3;3;6;6;6644;5;0;2;10;8;19;2;0;0;92298254496;2
31;Não;3;3;6;5;5582;9;0;0;10;8;21;23;8;9;95462077718;4
25;Não;3;5;5;5;4000;9;3;1;6;6;12;5;5;6;50217086584;1
45;Não;3;3;6;5;13496;9;7;0;21;6;14;20;10;20;23244022490;4
36;Não;3;3;5;5;3210;7;13;0;16;8;11;6;11;15;56524702588;4
55;Não;3;2;6;5;19045;4;10;0;37;8;14;1;13;36;67248014034;1
47;Sim;3;3;5;5;11849;4;7;1;10;9;12;29;9;10;61970021478;2
28;Não;3;3;6;5;2070;6;2;1;5;8;23;9;4;5;32271291299;4
37;Não;3;3;6;6;6502;5;4;4;7;9;14;6;1;5;56158423261;4
21;Não;3;2;6;5;3230;6;2;1;3;6;17;3;0;3;87112107872;3
37;Não;2;5;6;5;13603;11;2;2;15;9;18;1;2;5;61672368029;4
35;Não;2;5;5;5;11996;4;7;7;10;8;18;22;2;7;22721639502;2
38;Não;2;5;6;6;5605;5;0;1;8;6;24;7;7;8;49236237406;1
26;Não;2;5;5;5;6397;8;5;1;6;8;20;1;4;6;67666362470;2
50;Não;3;5;5;5;19144;11;4;3;28;4;14;4;6;10;77183522131;2
53;Não;3;3;6;5;17584;11;3;3;21;9;16;3;3;5;77643922702;3
42;Não;3;3;5;6;4907;5;16;1;20;4;25;1;6;20;52866273938;3
29;Não;3;2;5;6;4554;5;7;1;10;6;18;2;9;10;63681000821;4
55;Não;3;3;8;5;5415;7;7;3;12;6;19;20;8;10;78069134488;4
26;Não;3;3;6;5;4741;9;3;1;5;6;13;11;3;5;31420369724;1
37;Não;2;2;5;5;2115;6;12;1;17;8;12;1;7;17;87122923592;4
44;Sim;3;5;5;5;3161;7;0;3;19;8;22;24;0;1;48619133702;3
38;Não;3;5;5;5;5745;9;2;9;10;9;14;23;2;2;3468141375;4
26;Sim;3;5;6;5;2373;7;2;2;5;9;13;16;2;3;84981680684;2
28;Não;2;2;5;5;3310;6;3;1;5;6;21;8;2;5;42087763942;4
49;Não;2;2;5;5;18665;11;2;9;22;9;11;10;2;3;28682113281;1
36;Não;3;2;8;5;4485;6;0;4;10;8;12;3;7;8;325970059;2
31;Não;2;5;7;6;2789;9;2;1;2;8;11;5;2;2;55343770310;2
26;Sim;3;2;7;6;5828;5;7;1;8;9;12;4;4;8;88602832808;4
37;Não;3;3;6;5;2326;6;2;1;4;8;12;9;2;4;87394604840;4
42;Não;2;3;7;6;13525;5;4;5;23;8;14;26;8;20;62032747392;2
18;Sim;3;2;5;5;1420;7;0;1;0;8;13;3;0;0;17207520412;3
35;Não;3;3;7;6;8020;5;9;0;12;8;15;16;9;11;10519635385;2
36;Não;3;3;5;5;3688;7;0;4;4;9;18;18;0;1;56571815045;4
51;Não;3;5;6;5;5482;8;1;5;13;8;18;2;2;4;56013287350;2
41;Não;3;2;5;6;16015;4;10;1;22;9;19;2;4;22;55086647851;2
18;Não;2;2;6;6;1200;9;0;1;0;8;12;10;0;0;91869635737;3
28;Não;3;2;6;5;5661;9;3;0;9;6;19;16;7;8;60967117305;1
31;Não;3;3;8;6;6929;5;7;4;10;8;11;7;7;8;25472902008;4
39;Não;3;5;6;5;9613;9;10;0;19;8;17;1;7;18;63015731066;4
36;Não;2;3;5;5;5674;7;8;7;11;9;15;24;8;9;42017009066;2
32;Não;3;3;5;6;5484;5;8;1;13;8;14;7;8;13;43428410065;3
38;Não;2;3;5;5;12061;11;8;3;19;6;17;25;1;10;27257714367;2
58;Não;3;5;5;5;5660;9;3;2;12;9;13;1;2;5;22743955307;3
31;Não;3;3;8;5;4821;6;2;0;6;9;12;5;3;5;45691435921;4
31;Não;3;3;10;4;6410;12;2;3;9;8;12;2;0;2;18963529507;1
45;Não;3;5;5;5;5210;7;9;1;24;8;18;7;11;24;85454960701;1
31;Não;3;5;5;5;2695;6;2;0;3;9;18;2;2;2;49425576700;4
33;Não;2;3;5;5;11878;4;6;6;12;9;11;5;8;10;12249344712;2
39;Não;3;3;6;5;17068;4;9;1;21;4;14;10;10;21;69946330309;1
43;Não;2;2;5;5;2455;7;7;0;9;9;19;10;7;8;39733108782;4
49;Não;2;2;8;5;13964;9;1;7;25;6;12;1;7;7;84069387286;3
52;Sim;3;3;6;5;4941;6;2;2;11;9;15;8;7;8;91216879274;2
27;Não;2;2;5;5;2478;6;3;1;4;8;12;5;2;4;5788214241;2
32;Não;2;3;8;6;5228;5;12;1;13;6;11;8;9;13;31944066186;2
27;Não;3;2;5;6;4478;5;4;1;5;8;11;2;4;5;52562718064;3
31;Não;3;5;7;6;7547;5;7;4;13;8;12;7;7;7;40587335529;4
32;Não;2;2;6;5;5055;6;7;7;10;9;16;2;7;7;17721725274;4
28;Sim;3;3;6;5;3464;6;2;5;5;9;13;2;2;3;87946727733;4
30;Não;2;3;6;5;5775;6;8;1;11;6;13;28;9;10;80499285862;4
31;Não;2;3;5;5;8943;8;9;1;10;6;24;7;9;10;3978376676;3
39;Não;3;3;6;5;19272;4;9;1;21;6;15;7;3;21;25519340119;4
39;Sim;2;3;6;6;5238;5;0;4;12;6;18;3;0;1;66585212005;3
33;Não;3;2;7;6;4682;5;7;3;9;8;14;10;1;7;34877209934;4
47;Não;3;3;5;5;18300;11;2;4;21;10;11;5;1;3;15689817187;3
43;Não;2;5;5;5;5257;7;7;1;9;9;11;10;0;9;82531770264;3
27;Não;3;3;7;6;6349;5;4;0;6;4;13;1;4;5;877014107;2
54;Não;2;2;5;5;4869;6;3;3;20;9;12;20;3;4;49627116123;3
43;Não;2;3;5;5;9985;9;0;8;10;8;16;7;0;1;53140226249;1
45;Não;3;3;9;5;3697;6;9;9;12;9;14;8;8;10;42650921562;4
40;Não;3;3;6;6;7457;5;3;2;6;6;22;1;2;4;36356708439;4
29;Sim;3;3;9;5;2119;7;7;1;7;9;11;8;7;7;55731133166;1
29;Não;3;2;9;5;3983;7;2;0;4;10;17;9;2;3;90852552069;4
30;Não;2;5;7;6;6118;5;9;1;10;8;13;5;2;10;70181327703;3
27;Não;2;3;7;6;6214;5;7;1;8;9;18;8;7;8;21217090533;2
37;Não;3;5;6;5;6347;8;2;7;8;6;16;5;4;6;88108656088;4
38;Não;3;5;5;5;11510;11;10;0;12;6;14;15;9;11;2798908790;4
31;Não;2;2;6;5;7143;8;9;1;11;9;14;7;10;11;93035078350;4
29;Não;2;5;7;6;8268;5;7;1;7;4;14;10;7;7;67277607375;2
35;Não;3;2;8;5;8095;8;6;0;17;9;13;5;13;16;56725560380;2
23;Não;3;5;5;5;2904;6;2;1;4;4;12;26;2;4;37235696133;4
41;Não;3;2;6;5;6032;8;4;6;8;8;15;6;2;5;59456038443;2
47;Não;3;2;6;6;2976;9;0;3;5;4;19;4;0;0;19797272865;3
42;Não;2;2;5;5;15992;11;0;2;16;10;14;23;0;1;43754017522;4
29;Não;3;3;5;6;4649;5;3;1;4;8;14;2;2;4;29800869008;3
42;Não;3;5;8;4;2696;12;2;0;4;4;11;2;0;3;28945738445;3
32;Não;2;3;6;5;2370;7;0;1;8;8;13;2;7;8;94626624793;2
48;Não;2;3;6;6;12504;4;0;3;15;4;21;29;0;0;7922253423;3
37;Não;3;5;6;5;5974;6;7;4;13;8;13;6;7;7;59088479614;1
30;Não;2;3;8;6;4736;5;2;7;4;6;12;25;2;2;68381366469;3
26;Não;3;3;5;6;5296;5;7;1;8;8;17;1;7;8;14273147846;3
42;Não;3;2;9;5;6781;9;0;3;14;9;23;2;0;1;44472320438;4
21;Sim;2;2;8;6;2174;9;2;1;3;4;11;1;2;3;10407376289;2
36;Não;2;2;6;6;6653;5;0;4;7;10;15;1;0;1;2342349370;4
36;Não;3;3;6;6;9699;5;9;4;16;9;11;3;12;13;47278738446;4
57;Não;3;3;6;5;6755;9;2;2;15;9;11;1;2;3;18946951532;3
40;Não;2;3;5;5;2213;7;7;3;10;9;13;10;7;7;36657107846;3
21;Não;3;2;6;6;2610;9;2;1;3;6;24;9;2;3;27218218165;4
33;Sim;2;2;7;6;2851;9;0;1;1;8;13;5;0;1;28971883078;3
37;Não;2;3;6;5;3452;7;4;6;17;8;20;10;3;5;25260276226;1
46;Não;2;3;6;5;5258;8;0;2;7;9;14;7;0;1;75168263194;3
41;Sim;3;2;7;6;9355;5;7;1;8;8;18;4;7;8;51524432260;2
50;Não;3;2;8;5;10496;9;3;6;20;8;15;10;3;4;50499551008;4
40;Sim;3;3;7;6;6380;5;4;2;8;6;12;22;0;6;40201746147;3
31;Não;3;2;5;5;2657;6;2;0;3;9;16;9;2;2;79871754906;2
21;Sim;2;2;5;6;2716;9;0;1;1;8;15;12;0;1;31684155780;2
29;Não;3;2;5;5;2201;6;2;9;6;8;16;23;2;3;38232763856;4
35;Não;3;2;5;5;6540;9;1;9;10;9;19;9;0;1;50958841426;2
27;Não;3;5;6;5;3816;7;2;1;5;6;11;1;4;5;68317829316;2
28;Não;3;2;5;6;5253;5;5;1;7;9;16;9;7;7;72538902078;4
49;Não;3;2;9;5;10965;9;2;8;26;8;24;7;0;5;10378105803;3
51;Não;2;3;5;6;4936;5;7;4;18;6;11;14;7;7;87774535660;4
36;Não;2;3;5;5;2543;6;2;4;6;8;13;2;2;2;66176594757;3
34;Sim;3;2;7;6;5304;5;2;8;9;8;13;19;4;5;18503153612;4
55;Não;2;2;5;5;16659;4;4;2;30;8;13;2;2;5;73843775855;4
24;Não;2;5;7;6;4260;5;2;1;5;9;12;10;3;5;58391276350;3
30;Não;3;3;8;6;2476;9;0;1;1;4;18;2;0;1;22441837459;2
26;Sim;3;2;8;5;3102;6;4;0;7;4;22;3;4;6;76598241753;1
22;Não;2;3;6;5;2244;6;1;1;2;8;13;11;2;2;49188668306;2
36;Não;3;3;6;6;7596;5;9;1;10;6;13;2;0;10;34739088221;3
30;Sim;3;2;8;5;2285;6;0;9;3;8;23;4;0;1;90163429454;4
37;Não;2;5;5;5;3034;7;7;1;18;8;12;14;17;18;37290412735;1
40;Não;2;5;7;6;5715;5;4;7;8;6;12;2;3;5;21985458278;2
42;Não;2;5;5;5;2576;7;2;3;8;9;16;1;2;5;48485444613;1
37;Não;3;2;5;5;4197;8;0;2;18;9;12;10;1;1;12597994519;2
43;Não;3;5;5;5;14336;11;10;1;25;8;11;12;9;25;68245911125;2
40;Não;2;3;6;5;3448;7;0;6;20;8;22;2;0;1;12229345860;3
54;Não;3;3;6;5;19406;11;2;4;24;6;11;5;2;4;66646494344;1
34;Não;2;3;7;6;6538;5;2;9;6;9;15;4;2;3;88508872802;3
31;Não;2;3;6;5;4306;8;10;1;13;6;12;7;12;13;31999824676;1
43;Não;3;3;6;5;2258;7;2;7;8;8;20;21;2;3;66888758935;4
43;Não;2;5;9;5;4522;9;2;4;8;9;14;8;2;5;32061350529;3
25;Não;2;2;5;6;4487;5;4;1;5;6;11;4;3;5;10994839645;4
37;Não;2;3;6;5;4449;6;11;3;15;10;15;25;7;13;86106404486;3
31;Não;3;3;5;5;2218;7;2;1;4;6;12;1;2;4;57058716035;1
39;Não;3;5;5;5;19197;4;8;1;21;4;14;1;6;21;22272647216;3
56;Não;2;3;5;6;13212;5;7;9;36;8;11;6;7;7;33400947920;1
30;Não;2;2;8;6;6577;5;4;0;6;8;11;12;4;5;7196542930;3
41;Não;3;3;7;6;8392;5;7;1;10;8;16;1;7;10;75202489861;1
28;Não;3;5;6;5;4558;7;0;1;10;6;12;17;8;10;88299850231;1
25;Sim;3;3;6;5;4031;7;2;5;6;8;13;3;2;2;87969584909;1
52;Não;3;3;6;5;7969;8;4;2;28;8;14;3;4;5;49224499696;3
45;Não;3;3;5;5;2654;6;2;3;8;6;21;10;2;2;47776563391;4
52;Não;2;3;5;5;16555;4;2;2;31;6;13;4;4;5;55412416728;4
42;Não;2;5;5;5;4556;6;4;2;19;6;11;29;2;5;10634880256;3
30;Não;2;2;5;5;6091;8;4;2;11;8;20;2;2;5;79190472439;4
60;Não;2;3;5;5;19566;4;8;5;33;8;11;7;10;29;12059332245;1
46;Não;2;5;6;5;4810;8;7;2;19;8;14;18;8;10;41346079726;3
42;Não;2;3;8;5;4523;9;5;0;7;9;11;28;4;6;38732670394;4
24;Sim;2;2;8;6;3202;9;3;1;6;4;16;1;4;5;49788988375;2
34;Sim;2;5;7;6;2351;9;2;0;3;6;16;6;0;2;75074922525;3
38;Não;3;3;5;5;1702;7;0;1;1;6;23;2;0;1;17656548270;4
40;Não;2;3;5;6;18041;4;15;0;21;9;14;2;12;20;91928139197;3
26;Não;2;5;5;5;2886;6;2;1;3;8;22;23;2;3;88659980590;4
30;Não;3;3;5;5;2097;7;3;4;9;8;15;3;4;5;71214018717;4
29;Não;3;3;6;5;11935;11;2;1;10;9;18;3;7;10;73103328216;3
29;Sim;2;3;8;5;2546;6;2;5;6;10;16;25;1;2;43121842453;2
19;Sim;3;2;8;4;2564;12;0;1;1;6;12;2;0;1;76837608269;4
30;Não;2;3;9;6;8412;5;8;0;10;9;11;22;8;9;51947278935;1
57;Não;3;5;7;6;14118;4;0;3;32;8;12;29;0;1;3743996244;4
50;Não;3;3;5;5;17046;4;10;0;28;9;15;29;7;27;69143537114;3
30;Não;2;2;6;5;2564;7;7;0;12;8;14;2;7;11;42129575727;4
60;Não;2;3;7;6;10266;5;13;4;22;8;19;28;11;18;7811020530;1
47;Não;2;5;6;5;5070;8;0;5;20;6;13;2;4;5;4170707836;4
46;Não;3;3;5;5;17861;11;2;6;26;8;13;2;1;3;92965758696;3
35;Não;3;2;5;5;4230;7;4;0;6;8;15;22;3;5;4212068407;3
54;Não;2;2;5;5;3780;7;0;7;19;9;11;8;0;1;23532031643;3
34;Não;3;5;5;5;2768;6;3;3;14;9;12;2;7;7;43385010828;3
46;Não;2;3;7;6;9071;5;2;2;15;8;19;10;2;3;99224175998;4
31;Não;3;5;5;5;10648;8;8;1;13;4;25;9;8;13;72804958951;2
33;Sim;3;3;6;5;13610;4;6;7;15;4;12;15;7;7;1520871351;3
33;Sim;3;5;6;5;3408;7;3;7;8;4;13;10;3;4;87822665289;4
30;Não;3;2;7;6;2983;9;2;0;4;4;14;7;2;3;93768519141;2
35;Não;3;3;5;5;7632;9;7;4;10;8;12;16;0;8;83835288171;3
31;Sim;3;3;5;5;9824;9;0;3;12;8;12;20;0;1;27935170154;3
34;Sim;2;5;10;4;9950;12;2;9;11;8;15;23;2;3;83973347767;1
42;Não;3;3;9;5;2093;7;2;4;8;6;17;5;0;2;29846143028;3
36;Não;3;2;6;6;9980;5;3;1;10;9;14;10;7;10;45239146564;4
22;Sim;3;2;8;5;3894;7;2;5;4;4;16;4;2;2;28956245129;3
48;Não;2;3;7;6;4051;5;7;2;14;10;14;2;7;9;14402631586;4
55;Não;2;2;5;6;16835;4;9;3;37;10;23;18;7;10;72958502250;2
41;Não;3;2;5;6;6230;5;3;7;16;6;14;10;10;14;84327607522;4
35;Não;3;3;7;6;4717;5;9;9;15;8;11;1;9;11;35425440659;3
40;Não;2;2;5;5;13237;8;6;7;22;8;15;6;13;20;62275551187;3
39;Não;2;3;5;5;3755;7;3;1;8;4;11;8;7;8;19778744154;3
31;Não;3;2;5;6;6582;5;5;4;10;4;13;2;5;6;53244288290;4
42;Não;3;3;6;5;7406;8;9;1;10;8;21;24;8;10;12659898491;1
45;Não;3;3;9;6;4805;5;7;0;9;8;19;2;7;8;14091654688;2
26;Sim;2;5;5;4;2741;12;7;0;8;9;11;17;0;7;20416324301;3
29;Não;3;5;8;5;4262;8;2;4;8;8;12;19;2;3;72434352254;4
33;Não;2;5;6;5;16184;11;1;4;10;10;19;1;5;6;59035966442;3
31;Não;3;5;5;6;11557;4;4;9;10;8;21;7;1;5;39863182628;4
18;Sim;3;2;7;6;1878;9;0;1;0;8;14;5;0;0;68294704075;2
40;Não;3;5;9;6;10932;5;0;3;20;8;15;28;1;1;6699538523;1
41;Não;2;2;9;5;6811;9;7;2;10;9;17;2;7;8;12246193455;3
26;Não;3;5;6;6;4306;5;0;5;8;6;12;29;0;0;41182534602;3
35;Não;2;2;6;6;4859;5;4;1;5;8;16;1;3;5;6375383446;3
34;Não;3;2;5;6;5337;5;7;1;10;9;12;21;7;10;10471638411;4
26;Sim;3;2;8;5;2340;7;0;1;1;8;18;24;0;1;43393460306;4
37;Não;2;2;8;5;7491;8;5;4;12;8;17;1;2;6;60299271168;4
46;Não;2;3;6;5;10527;9;2;5;28;4;11;18;2;2;91143825085;3
41;Não;2;3;5;6;16595;4;16;7;22;10;16;2;8;18;5360441402;1
37;Não;3;5;6;6;8834;5;5;1;9;9;13;9;7;9;61334388251;2
52;Não;3;5;8;5;5577;6;9;3;18;6;12;6;9;10;65097956051;1
32;Sim;3;3;9;6;4707;5;2;8;6;9;12;11;2;4;63889332155;3
24;Não;3;3;6;6;2400;9;2;0;3;8;13;24;1;2;72866597749;4
38;Não;2;3;6;5;9824;9;0;3;18;8;19;10;0;1;18108157435;3
37;Não;2;3;5;5;6447;8;5;6;8;9;12;1;3;6;47284815461;2
49;Não;3;5;5;5;19502;11;9;1;31;9;17;18;9;31;86342598514;3
24;Não;3;3;6;5;2725;6;5;1;6;8;11;23;4;6;48252594559;4
26;Não;3;3;7;6;6272;5;3;1;6;6;20;28;4;5;57028519725;2
24;Não;3;3;9;5;2127;7;0;1;1;6;21;17;0;1;37955731373;2
50;Não;3;3;6;4;18200;4;5;1;32;8;11;3;7;32;3007164888;2
25;Não;3;3;6;6;2096;9;4;1;7;4;11;13;6;7;32926187385;3
24;Sim;2;3;5;5;2886;7;3;1;6;8;16;7;2;6;20553957851;3
30;Sim;3;3;5;6;2033;9;0;1;1;9;18;12;0;1;41841345237;1
34;Não;3;3;5;5;3622;6;5;1;6;6;13;1;3;6;40338388368;4
31;Sim;3;5;6;6;4233;5;1;2;9;9;17;13;2;3;67983611428;1
35;Não;3;2;9;5;3681;7;2;4;9;6;14;25;2;3;49053341748;4
31;Não;3;5;6;6;5460;5;7;4;13;9;22;6;7;7;67230272226;4
27;Não;2;5;6;5;2187;6;3;0;6;9;12;6;3;5;79511000237;3
37;Não;3;3;7;6;9602;5;0;4;17;8;11;2;0;3;99348145847;3
20;Não;2;2;5;5;2836;6;0;1;1;8;13;1;0;1;55818074337;2
42;Não;2;3;5;5;4089;9;2;1;10;9;13;2;2;10;78619136045;4
43;Não;3;5;9;5;16627;11;0;4;21;9;14;6;0;1;59836332333;4
38;Não;2;2;5;5;2619;6;0;3;8;4;17;1;0;0;8669533748;1
43;Não;3;5;6;5;5679;7;7;3;10;10;13;9;7;8;15224092273;3
48;Não;2;3;5;5;15402;4;2;7;21;9;11;1;2;3;8832842110;1
44;Não;2;2;5;4;5985;12;2;4;10;9;11;1;2;2;59226814702;3
34;Não;2;5;8;6;2579;9;2;1;8;8;18;14;6;8;15954472251;3
27;Sim;3;5;7;6;3041;9;3;0;5;4;11;2;2;4;94567199972;1
21;Não;3;2;8;6;3447;9;2;1;3;4;11;22;2;3;62833617190;3
44;Não;3;3;9;5;19513;4;2;4;26;9;12;3;1;2;68933630461;4
22;Não;3;3;6;5;2773;6;2;0;3;4;20;6;2;2;62540976752;3
33;Não;3;5;7;6;7104;5;0;0;6;9;12;8;2;5;30836303341;3
32;Não;2;3;5;5;6322;6;4;1;6;9;12;9;5;6;79537248111;4
30;Não;2;5;6;5;2083;6;0;1;1;8;20;3;0;1;33232040631;3
53;Não;2;2;6;6;8381;5;7;7;18;4;20;1;10;14;89735370144;1
34;Não;3;3;5;5;2691;6;9;1;10;10;12;1;8;10;39557820000;4
45;Sim;2;3;5;6;4286;5;1;2;5;9;14;26;0;1;46511855479;1
26;Não;2;3;5;5;2659;7;2;1;3;8;13;6;2;3;65215116474;4
37;Não;3;3;9;5;9434;8;7;1;10;8;15;3;8;10;62618383391;3
29;Não;2;3;6;6;5561;5;0;1;6;6;14;3;2;6;81819819374;3
35;Não;3;2;5;5;6646;6;11;1;17;9;13;6;8;17;90898237344;4
33;Não;3;5;5;5;7725;9;11;3;15;8;23;6;7;13;77953166442;4
54;Não;3;3;6;4;10725;12;7;2;16;9;15;19;1;9;54580165321;2
36;Não;3;5;6;5;8847;8;2;2;13;6;11;9;2;3;77869931449;2
27;Não;3;2;6;5;2045;6;2;0;5;9;13;3;1;4;70133840629;4
20;Sim;3;2;6;5;1009;6;0;1;1;4;11;10;1;1;74831126166;3
33;Sim;3;2;5;5;3348;6;8;1;10;8;11;3;7;10;27746689213;1
35;Não;3;3;5;5;1281;7;0;1;1;8;18;3;0;1;59474715240;3
23;Não;3;3;6;5;2819;6;2;2;5;8;16;4;2;3;55734847558;1
25;Não;3;3;5;6;4851;5;2;0;4;8;22;8;2;3;5706784456;2
38;Não;2;2;7;6;4028;5;7;0;8;9;20;7;5;7;10376334610;4
29;Não;3;5;5;5;2720;6;7;1;10;9;18;1;8;10;74065826637;4
48;Não;3;3;7;6;8120;5;2;3;12;4;12;2;2;2;78990889018;2
27;Não;2;5;6;6;4647;5;5;1;6;4;20;3;4;6;38632141252;4
37;Não;3;2;5;5;4680;6;0;3;4;6;17;10;0;1;81710726408;4
50;Não;3;3;6;5;3221;7;8;1;20;4;11;28;8;20;593015707;3
34;Não;2;2;6;5;8621;9;7;1;9;8;14;9;7;8;40996314962;2
24;Sim;2;2;5;6;4577;5;2;9;4;6;14;3;0;2;63141816190;3
39;Não;2;2;8;5;4553;9;7;1;20;9;11;2;10;20;83779051901;3
32;Não;3;2;7;6;5396;5;7;1;10;8;12;10;8;10;31899949653;4
50;Sim;3;3;8;6;6796;5;3;3;18;6;14;8;3;4;81932929328;3
38;Não;2;2;5;5;7625;9;7;0;10;9;13;1;8;9;84234434222;4
27;Não;2;3;5;5;7412;8;7;1;9;6;11;1;7;9;32803355871;1
32;Não;2;2;5;5;11159;11;7;3;10;6;15;3;7;7;48412787425;4
47;Não;3;2;7;6;4960;5;7;2;20;9;12;14;7;7;20755169206;1
40;Não;3;3;5;6;10475;5;13;5;20;9;21;5;12;18;28171358073;1
53;Não;3;3;5;5;14814;11;1;3;32;8;19;7;3;5;70737706078;3
41;Não;3;5;10;4;19141;4;6;3;23;9;15;10;6;21;96267477508;4
60;Não;3;2;7;6;5405;5;2;8;10;9;14;16;2;2;67434612518;1
27;Não;3;5;5;5;8793;8;7;1;9;6;21;10;7;9;16824621562;1
41;Não;3;3;10;4;19189;4;7;1;22;8;12;1;10;22;90165816311;3
50;Não;3;3;7;6;3875;9;2;7;4;9;15;8;2;2;49613339539;2
28;Sim;2;2;5;5;2216;6;7;7;10;6;13;1;7;7;82943079490;2
36;Não;2;3;5;5;11713;11;7;9;10;8;14;8;5;8;85276892890;1
38;Não;2;2;5;5;7861;8;0;4;10;8;14;1;0;1;93882569611;3
44;Não;3;2;6;5;3708;7;2;2;9;8;14;24;4;5;5498592556;3
47;Não;2;5;6;6;13770;5;2;9;28;8;12;3;13;22;24606178465;3
30;Não;3;5;7;6;5304;5;7;7;10;10;23;27;7;8;53797726956;4
29;Não;3;2;5;6;2642;9;0;1;1;8;11;10;0;1;2679177298;3
42;Sim;3;5;6;5;2759;6;2;6;7;8;12;19;2;2;68854690519;3
43;Não;3;3;5;6;6804;5;2;3;7;8;18;15;2;2;80892242214;4
34;Não;2;2;6;5;6142;9;1;3;10;6;11;8;3;5;29041154742;3
23;Não;3;3;6;5;2500;7;3;1;5;4;14;9;2;4;77353949781;1
39;Não;2;3;10;4;6389;12;3;9;12;8;15;3;6;8;86343456013;2
56;Não;3;3;6;5;11103;9;7;7;30;8;11;9;1;10;76772868246;4
40;Não;2;2;6;5;2342;6;2;0;5;4;20;2;3;4;7304232936;4
27;Não;2;2;6;5;6811;9;6;8;9;8;19;7;7;7;77473446203;1
29;Não;3;5;7;6;2297;9;2;1;2;8;14;10;2;2;17378166327;2
53;Não;3;2;5;5;2450;7;2;2;19;8;17;6;2;2;54811577416;4
35;Não;2;5;5;5;5093;9;0;2;16;9;11;2;0;1;69569550933;1
32;Não;3;3;5;5;5309;7;8;1;10;9;15;24;7;10;81276263580;4
38;Não;3;3;6;5;3057;6;0;6;6;10;13;2;1;1;42716432309;3
34;Não;2;5;5;5;5121;8;0;3;7;10;14;8;0;0;50408588034;1
52;Não;3;3;7;6;16856;4;6;1;34;9;11;3;16;34;65094208741;1
33;Sim;3;2;9;5;2686;6;9;1;10;9;13;1;8;10;21206948416;4
25;Não;2;2;6;6;6180;5;5;1;6;4;23;26;4;6;99739117255;4
45;Não;3;2;8;6;6632;9;7;0;9;6;13;2;1;8;46515009868;3
23;Não;3;2;6;5;3505;6;2;1;2;4;18;10;2;2;51364678367;3
47;Sim;2;2;5;6;6397;5;4;4;8;6;12;27;3;5;28427808942;3
34;Não;3;2;9;6;6274;5;5;1;6;8;22;2;4;6;81254066183;4
55;Sim;3;3;6;5;19859;4;2;5;24;8;13;2;4;5;15110781975;1
36;Não;3;2;5;6;7587;5;7;1;10;9;15;8;9;10;94521803657;1
52;Não;3;3;6;5;4258;6;3;0;5;9;18;19;2;4;50416246011;4
26;Não;2;5;5;5;4364;7;2;3;5;6;14;1;0;2;52836860949;4
29;Não;2;3;6;5;4335;9;7;4;11;8;12;27;1;8;47592341847;3
26;Sim;3;2;8;6;5326;5;3;6;6;8;17;8;2;4;45435242931;1
34;Não;2;2;5;5;3280;6;2;2;10;9;16;1;3;4;22602920247;4
54;Não;2;5;6;5;5485;8;3;9;9;9;11;19;4;5;19547516379;1
27;Não;3;3;7;6;4342;5;2;0;5;4;19;8;1;4;23187822654;4
37;Não;2;5;5;5;2782;6;3;0;6;4;13;10;3;5;80241442352;1
38;Não;2;2;5;5;5980;8;7;6;17;9;12;2;12;15;45826947861;1
34;Não;2;2;6;5;4381;6;5;1;6;9;11;2;3;6;28498779375;1
35;Não;2;3;5;6;2572;9;2;1;3;9;16;8;2;3;76003539044;4
30;Não;3;3;5;5;3833;7;2;3;7;8;21;1;2;2;83426274342;3
40;Não;2;3;6;5;4244;9;7;1;8;6;24;2;7;8;17743163963;2
34;Não;2;3;5;6;6500;5;2;5;6;6;17;8;2;3;68860202960;1
42;Não;3;5;5;5;18430;4;7;1;24;8;13;8;9;24;1778395289;4
23;Sim;3;3;5;5;1601;7;0;1;1;8;21;6;0;0;67487929513;1
24;Não;3;5;5;5;2694;7;0;1;1;8;11;9;0;1;61581859128;2
52;Não;2;3;5;5;3149;7;2;8;9;9;20;11;4;5;3834809611;3
50;Não;3;3;6;5;17639;11;3;5;30;8;16;2;3;4;15560460301;3
29;Sim;2;3;5;5;2319;7;0;1;1;6;11;1;0;1;74546345632;1
33;Não;3;3;6;5;11691;11;9;0;14;8;11;7;7;13;55770352176;3
33;Sim;2;2;7;6;5324;5;2;5;6;8;15;16;2;3;32369208930;1
47;Não;2;3;9;5;16752;4;14;1;26;6;11;2;0;26;18268690246;4
36;Não;2;3;9;5;5228;8;7;0;10;8;15;1;5;9;44815084421;2
29;Não;3;3;5;5;2700;6;7;1;10;6;24;23;7;10;11331428987;3
58;Sim;3;2;5;5;19246;11;15;7;40;9;12;2;8;31;46541469302;2
35;Não;2;2;5;5;2506;6;2;3;7;9;13;1;2;2;33346892209;3
42;Não;2;3;5;5;6062;8;3;9;8;6;13;1;2;4;85607123256;4
28;Sim;3;2;6;5;4382;6;2;6;5;9;17;2;1;2;27778473823;3
36;Não;3;3;10;4;2143;12;2;4;8;8;13;13;4;5;59738153702;2
32;Não;2;3;5;5;6162;8;13;1;14;8;12;4;8;14;56231711969;3
40;Não;3;2;6;5;5094;7;0;6;10;9;14;16;0;1;53141479815;3
30;Não;2;2;6;5;6877;8;0;5;12;8;24;2;0;0;9544267895;4
45;Não;2;2;5;5;2274;6;0;1;1;8;14;2;0;1;72447620139;3
42;Não;3;3;5;5;4434;8;8;1;10;8;13;29;8;9;51295837371;2
38;Não;3;5;5;5;6288;9;3;2;13;8;15;12;2;4;15280295058;1
34;Não;2;2;5;5;2553;6;2;1;6;9;16;16;3;5;25122435727;4
49;Sim;2;3;7;6;7654;5;8;1;9;8;18;11;7;9;86656949198;4
55;Sim;3;2;6;6;5160;5;7;4;12;4;16;2;3;9;59405715453;4
43;Não;3;3;5;5;17159;11;1;6;22;6;24;14;0;4;82664971767;1
27;Não;3;5;8;5;12808;11;8;1;9;4;16;5;8;9;60641791379;4
35;Não;3;2;9;5;10221;8;5;3;17;8;21;7;6;8;68024061999;3
28;Não;2;3;7;6;4779;5;7;1;8;9;20;2;5;8;61968842257;2
34;Não;3;3;10;4;3737;12;2;0;4;6;19;3;2;3;69191228532;4
26;Sim;2;3;6;5;2366;6;7;1;8;6;14;5;7;8;57338363173;3
27;Não;3;3;6;5;1706;6;0;1;0;8;11;3;0;0;25666146187;4
51;Não;2;3;7;6;16307;4;6;2;29;9;14;26;17;20;44192550344;3
44;Não;3;2;6;5;5933;9;2;9;10;8;12;4;3;5;19568049062;2
25;Não;3;2;6;5;3424;6;3;7;6;4;13;2;1;4;36794267837;1
33;Não;3;5;6;6;4037;5;8;1;9;8;22;1;8;9;65354523500;1
35;Não;2;2;6;5;2559;6;5;1;6;4;11;27;1;6;74455862011;1
36;Não;3;3;5;6;6201;5;14;1;18;6;14;1;11;18;36944410081;4
32;Não;3;5;5;6;4403;5;2;2;8;9;11;13;3;5;43321596808;4
30;Não;3;5;5;5;3761;6;4;9;10;9;12;5;3;5;416105023;4
53;Não;2;3;7;6;10934;5;2;7;35;6;18;7;4;5;55712361601;4
45;Não;3;5;7;6;10761;5;4;4;18;8;12;9;2;5;79285371484;1
32;Não;2;3;6;5;5175;6;3;5;9;6;12;8;3;5;91329654699;3
52;Não;2;3;6;5;13826;8;8;3;31;9;22;25;0;9;89470933176;4
37;Não;3;5;7;6;6334;5;0;4;9;9;19;16;0;1;39086036005;3
28;Não;3;5;6;4;4936;12;1;1;6;6;13;8;4;5;83280774470;4
22;Não;3;3;5;5;4775;8;2;6;4;6;22;1;2;2;64655637044;4
44;Não;3;3;5;5;2818;7;2;2;10;9;24;8;2;3;17991561178;4
42;Não;3;2;6;5;2515;6;1;5;8;4;14;2;2;2;27129760399;4
36;Não;3;3;5;4;2342;12;4;0;6;8;21;8;3;5;5575840131;1
25;Não;3;3;9;6;4194;5;3;1;5;4;18;3;3;5;85907677911;1
35;Não;2;3;5;5;10685;8;14;1;17;8;20;9;15;17;37812205377;3
35;Sim;2;5;5;5;2022;6;2;1;10;9;19;25;8;10;54601693327;2
32;Não;3;5;5;5;2314;7;0;0;4;8;12;1;2;3;95280403949;4
25;Não;3;3;7;6;4256;5;2;1;5;4;12;4;3;5;84193373429;1
49;Não;2;3;8;5;3580;6;2;2;7;8;16;1;2;4;63294291136;1
24;Não;3;3;5;5;3162;7;2;0;6;4;17;4;4;5;10788058610;4
32;Não;3;3;5;6;6524;5;8;1;10;6;14;5;3;10;27097820617;2
38;Não;3;3;7;6;2899;9;2;0;3;8;19;9;2;2;89710801982;2
42;Não;2;3;5;5;5231;7;3;2;17;8;13;3;3;5;24198569516;4
31;Não;3;3;5;5;2356;6;4;3;8;9;19;11;2;6;83492271069;4
29;Sim;2;5;6;6;2800;9;2;6;5;8;19;1;2;3;78793689538;3
53;Não;3;3;7;6;11836;5;0;5;28;8;14;8;2;2;55515612785;4
35;Não;3;3;8;5;10903;8;10;3;16;8;16;25;8;13;92946093955;2
37;Não;2;3;6;6;2973;9;4;5;10;6;15;21;0;5;88667843703;4
53;Não;2;2;5;5;14275;11;9;6;33;9;18;23;8;12;10247230760;4
43;Não;2;3;5;5;5562;9;2;4;12;8;13;1;2;5;23647051140;4
47;Não;2;3;7;6;4537;5;6;0;8;6;22;2;7;7;93460780147;4
37;Não;3;2;6;6;7642;5;0;1;10;6;13;19;9;10;34588781060;2
50;Não;3;5;5;5;17924;4;6;1;31;9;11;2;7;31;10842897909;1
39;Não;2;3;5;4;5204;12;4;8;13;8;11;2;4;5;91731723544;4
33;Não;3;5;10;4;2277;12;3;3;7;6;11;3;3;4;34003867454;2
32;Sim;3;2;5;5;2795;7;0;1;1;9;24;25;1;1;47663287028;4
29;Não;2;5;6;5;2532;7;3;6;8;4;14;7;3;4;86208322389;4
44;Não;3;3;5;5;2559;6;7;1;8;6;13;9;1;8;95319011508;1
28;Não;3;2;6;6;4908;5;2;1;4;9;14;5;2;4;52475110522;4
58;Sim;3;5;5;5;2380;7;0;9;3;4;14;2;0;1;66956680884;4
43;Não;2;5;5;5;4765;8;0;4;4;8;21;8;0;1;26684053844;2
20;Sim;2;2;6;6;2044;9;2;1;2;8;13;2;2;2;23957301227;3
21;Sim;2;2;9;5;2693;6;0;1;1;4;19;18;0;1;42145514620;4
36;Não;3;3;5;5;6586;9;8;0;17;4;17;14;11;16;23275913760;4
47;Não;2;2;5;6;3294;9;2;1;3;9;18;2;2;3;19468016820;4
22;Sim;2;3;5;5;4171;8;2;0;4;4;19;3;2;3;28985113614;3
41;Sim;2;5;5;5;2778;7;7;4;10;9;13;2;0;7;13230324821;4
28;Não;2;5;6;5;2377;6;2;5;6;8;18;9;2;2;22711638533;3
39;Sim;3;3;6;5;2404;7;2;7;8;8;21;6;2;2;80992941852;1
27;Não;2;2;5;5;2318;6;1;1;1;8;19;4;0;1;83979383093;3
34;Não;3;5;5;5;2008;7;0;1;1;8;14;10;0;1;63374438801;2
42;Não;2;2;6;6;6244;5;4;7;10;6;17;14;3;5;91818862887;3
33;Não;3;2;9;5;2799;6;2;3;6;9;11;1;2;3;24882073219;1
58;Não;2;5;8;5;10552;9;0;2;24;8;13;5;4;6;45731053484;2
31;Não;3;3;5;6;2329;9;7;3;13;9;15;7;2;7;78428355246;3
35;Não;2;3;5;5;4014;9;6;1;10;4;25;21;7;10;19521006951;4
49;Não;2;3;9;5;7403;7;9;4;29;6;11;8;7;26;36668998972;2
48;Não;3;3;6;5;2259;6;0;4;13;9;17;20;0;0;88339975725;3
31;Não;2;3;7;6;6932;5;8;1;9;6;13;20;0;9;78766542632;3
36;Não;3;2;9;5;4678;6;2;2;8;9;18;7;1;6;36603022472;4
38;Não;2;3;8;5;13582;11;12;1;15;8;13;1;11;15;84597786134;1
32;Não;2;3;5;5;2332;7;0;6;5;8;20;1;2;3;41994198352;2
25;Sim;3;3;7;6;2413;9;0;1;1;6;18;19;0;1;70710861700;2
40;Não;3;5;7;6;9705;5;0;2;11;9;12;10;0;1;45604721566;2
26;Não;3;2;6;6;4294;5;7;1;7;8;12;1;7;7;91335684789;1
41;Não;3;2;6;5;4721;7;13;2;20;8;13;6;17;18;62613538802;1
36;Não;3;2;6;5;2519;7;8;4;16;9;21;2;9;11;55944022166;3
19;Sim;3;2;9;6;2121;9;0;1;1;8;13;21;0;1;5020507731;2
20;Sim;3;2;8;5;2973;7;0;1;1;8;19;4;0;1;44154730489;1
31;Não;2;3;6;5;5855;9;7;0;10;8;11;12;5;9;85823360517;4
40;Não;3;5;6;5;3617;6;1;8;3;9;14;9;0;1;12149106720;2
32;Não;2;3;6;5;6725;8;7;1;8;9;12;3;3;8;8548818377;1
36;Sim;3;3;5;6;10325;5;7;1;16;4;11;3;7;16;99819187996;4
33;Não;2;2;5;5;6949;9;0;0;6;8;14;1;4;5;38375230074;4
37;Sim;3;3;5;6;10609;5;1;5;17;9;11;1;7;14;82589620894;3
45;Não;3;3;5;5;4447;7;7;1;9;6;12;4;8;9;26488823511;2
29;Não;2;3;8;6;2157;9;1;1;3;8;15;20;2;3;86149234360;4
35;Não;2;3;6;6;4601;5;2;1;5;8;16;18;0;5;58912869354;3
52;Não;3;3;5;5;17099;4;8;2;26;6;15;1;8;9;83589803156;4
58;Sim;3;2;8;5;2479;6;0;4;7;8;24;2;0;1;17137146199;3
53;Não;3;5;6;6;14852;4;13;6;22;6;13;2;2;17;90800463761;3
30;Não;3;5;9;6;7264;5;4;5;10;6;11;8;7;8;30176494897;3
38;Não;2;2;8;6;5666;5;3;1;6;8;13;10;3;5;19886457619;4
35;Não;3;5;5;6;7823;5;9;6;12;9;13;3;8;10;43290877755;4
39;Não;3;2;5;6;7880;5;7;0;9;10;18;2;7;8;7200236760;3
40;Sim;2;2;5;6;13194;5;0;4;22;8;16;24;0;1;60419121928;2
47;Não;3;5;6;5;5067;8;10;1;20;9;19;16;7;19;64854816881;3
36;Não;3;5;8;6;5079;5;7;4;12;9;13;8;7;7;94689260538;4
31;Sim;3;2;6;5;2321;6;2;0;4;6;22;9;2;3;52153578686;1
33;Não;3;2;5;6;17444;4;8;1;10;8;11;17;0;10;35530642569;3
29;Sim;2;2;5;5;2404;6;0;6;3;8;20;10;0;0;77917698054;1
33;Não;2;2;5;5;3452;6;2;3;5;4;18;13;2;3;17521628958;4
45;Não;2;5;6;5;2270;7;3;3;8;9;14;1;2;5;25420429590;4
50;Não;3;5;6;5;17399;11;4;9;32;6;22;1;3;5;48515823864;4
33;Não;2;3;9;5;5488;9;5;1;6;9;13;1;2;6;84571103130;2
41;Não;3;5;6;5;19419;11;16;2;21;8;17;9;11;18;98399977186;3
27;Não;2;3;8;5;2811;7;2;9;4;9;14;16;2;2;25046815655;2
45;Não;3;3;5;5;3633;7;8;1;9;6;15;23;8;9;38551320684;1
47;Não;2;2;5;6;4163;5;0;1;9;6;17;4;7;9;66697741245;4
30;Sim;2;3;5;5;2132;6;2;4;7;8;11;22;1;5;7275414982;3
50;Não;3;3;5;5;13973;8;11;3;22;8;18;24;5;12;54203697227;3
38;Não;3;3;6;5;2684;6;1;0;3;4;17;10;2;2;46182030024;3
46;Não;3;5;6;5;10845;8;7;6;13;6;13;7;7;8;90405112091;3
24;Não;2;5;6;5;4377;8;2;1;5;4;15;17;2;4;35925865176;3
35;Sim;3;5;9;5;3743;7;2;1;5;9;24;14;2;4;78069901628;2
31;Não;2;3;5;5;4148;8;3;1;4;4;12;1;3;4;24418427883;1
18;Não;3;2;5;5;1051;6;0;1;0;6;15;5;0;0;33586548987;4
54;Não;2;3;8;5;10739;8;7;8;22;8;11;17;8;10;78377055794;3
35;Não;2;5;6;5;10388;9;10;1;16;9;11;25;1;16;67686728998;3
30;Não;2;3;5;5;11416;11;7;0;9;6;12;8;7;8;87998412315;1
20;Sim;2;2;6;5;2600;6;0;1;1;8;15;11;0;1;67434761456;1
30;Sim;2;2;6;5;2422;7;2;0;4;8;17;5;2;3;17497509281;2
26;Não;3;3;6;5;5472;8;7;1;8;6;12;2;3;8;15700926808;4
22;Não;3;3;5;5;2451;7;3;1;4;4;15;8;1;4;33687651425;1
48;Não;3;2;5;5;4240;9;2;2;19;8;13;6;2;2;10016014010;3
48;Não;3;2;5;5;10999;9;11;7;27;9;14;4;8;15;96408121512;3
41;Não;2;2;6;5;5003;8;2;6;8;6;14;7;1;2;37342401045;3
39;Não;2;3;5;5;12742;8;6;1;21;4;16;1;8;21;89435736099;4
27;Não;2;3;5;5;4227;8;2;0;4;9;18;2;2;3;8615176137;4
35;Não;3;5;9;5;3917;7;2;1;3;8;20;10;2;3;8885714420;4
42;Não;3;3;7;6;18303;4;0;6;21;6;13;5;0;1;84559164730;3
50;Não;3;3;5;5;2380;7;0;4;8;8;18;9;0;1;56416135556;4
59;Não;2;2;5;5;13726;8;3;3;30;8;13;2;3;5;28114630016;4
37;Sim;2;3;6;5;4777;9;0;5;15;6;15;11;0;1;63603885157;2
55;Não;3;3;6;5;6385;9;7;3;17;9;14;18;7;8;89514182854;2
41;Não;2;5;5;5;19973;11;16;1;21;4;22;7;10;21;18839659784;3
38;Não;3;2;5;6;6861;5;0;8;19;9;12;3;0;1;17503330135;4
26;Sim;3;2;6;6;4969;5;2;8;7;6;18;29;2;2;25895225988;1
52;Sim;2;3;7;6;19845;4;14;1;33;4;15;2;9;32;44393859315;4
44;Não;2;3;6;6;13320;5;11;3;23;8;18;28;11;12;98318555817;4
50;Não;2;3;5;6;6347;5;7;0;19;8;12;1;13;18;92771713654;3
36;Sim;2;2;5;5;2743;7;13;1;18;9;16;16;14;17;37987591669;1
39;Não;2;2;6;5;10880;8;6;1;21;8;13;22;8;21;91465726771;1
33;Não;2;2;5;6;2342;9;2;0;3;4;19;8;2;2;22902201781;4
45;Não;2;3;5;6;17650;4;3;3;26;6;13;11;1;9;63671003016;4
32;Não;2;2;6;5;4025;7;7;9;10;9;12;29;7;8;14747442412;3
34;Não;3;5;7;6;9725;5;1;0;16;9;11;1;9;15;40384702379;4
59;Não;3;3;8;6;11904;4;4;3;14;6;14;1;4;6;9565662097;4
45;Não;3;2;6;4;2177;12;3;1;6;9;16;24;4;6;76815806354;2
53;Não;2;3;7;6;7525;5;7;2;30;8;12;2;12;15;9463837746;2
36;Sim;3;5;9;5;4834;7;0;7;9;8;14;15;0;1;13220048263;3
26;Sim;3;3;5;5;2042;6;2;6;6;8;14;2;2;3;29294581138;1
34;Não;2;3;5;6;2220;9;1;1;1;9;19;10;0;1;5753081606;3
28;Não;3;3;6;6;1052;9;0;1;1;4;22;10;0;1;60275906201;2
38;Não;3;3;9;5;2821;6;2;3;8;9;16;3;2;2;69145325763;3
50;Não;3;3;6;5;19237;11;1;2;29;9;11;2;7;8;22625281951;3
37;Não;2;2;9;5;4107;9;3;3;8;8;15;3;1;4;37632469799;2
40;Não;3;3;7;6;8396;5;7;1;8;8;14;26;5;7;73315473009;1
26;Não;2;5;6;5;2007;6;3;1;5;4;13;1;3;5;80047265645;3
46;Não;3;5;6;5;19627;11;2;9;23;9;17;1;2;2;24804620559;4
54;Não;2;3;5;6;10686;5;4;6;13;9;11;2;0;9;8444497034;3
56;Não;2;3;6;5;2942;6;4;2;18;8;19;9;3;5;3240631332;3
36;Não;2;2;6;5;8858;8;8;0;15;10;11;12;8;14;98981557960;4
55;Não;3;2;6;5;16756;4;7;7;31;4;15;2;2;9;16953004425;1
43;Não;3;5;6;6;10798;5;0;5;18;8;13;25;0;1;50511195660;4
20;Sim;2;2;7;6;2323;9;2;1;2;8;14;9;2;2;7793360999;4
21;Sim;2;2;5;5;1416;7;0;1;1;8;13;10;0;1;15859998452;1
46;Não;2;5;5;5;4615;6;13;8;19;9;23;8;7;16;67077636036;1
51;Sim;3;3;5;5;2461;6;0;9;18;9;12;4;7;10;45735327026;3
28;Sim;3;2;8;5;8722;9;7;1;10;6;12;24;9;10;26545247015;1
26;Não;3;3;6;5;3955;7;3;1;6;6;16;1;3;5;44161621609;1
30;Não;3;3;9;5;9957;8;2;0;7;8;15;20;2;6;611598693;1
41;Não;2;3;8;5;3376;6;6;1;10;6;13;7;8;10;77364070953;3
38;Não;2;3;5;5;8823;9;9;0;20;4;18;17;9;19;25682909856;3
40;Não;3;3;8;5;10322;9;10;4;14;9;20;20;1;11;5167470839;4
27;Não;3;3;5;5;4621;7;2;1;3;10;19;8;2;3;4031887258;3
55;Não;3;3;5;5;10976;8;2;3;23;4;18;2;2;3;17650031544;2
28;Não;2;2;9;5;3660;6;7;3;10;8;13;10;7;8;68355198238;3
44;Sim;3;3;6;4;10482;12;6;9;24;6;14;1;6;20;19447924481;1
33;Não;3;5;5;5;7119;9;2;4;9;8;15;5;2;3;25494903720;4
35;Sim;3;2;8;6;9582;5;7;0;9;8;22;4;7;8;65521108398;1
33;Sim;2;2;6;5;4508;6;7;1;14;9;22;29;8;13;35163120232;3
28;Não;3;5;5;5;2207;7;2;1;4;6;16;15;2;4;39184362558;3
34;Não;3;2;5;5;7756;9;2;0;7;4;17;3;4;6;60267587769;4
37;Não;2;5;5;6;6694;5;0;2;8;9;14;10;0;1;48634085639;4
25;Sim;3;3;8;5;3691;7;7;1;7;4;15;4;6;7;95752361194;4
26;Sim;3;5;6;5;2377;7;1;1;1;8;20;21;0;1;24585436345;3
33;Sim;3;2;6;5;2313;6;2;4;5;8;20;25;2;2;61446005288;2
42;Não;3;3;6;5;17665;4;6;0;23;6;17;2;7;22;90737679629;1
28;Sim;3;5;6;5;2596;7;0;1;1;8;15;1;0;1;46679854004;2
50;Sim;3;2;9;6;4728;5;0;3;5;9;14;1;0;0;90169036961;3
33;Não;2;3;5;6;4302;5;2;0;4;8;17;7;2;3;62633406333;2
34;Não;3;3;5;5;2979;6;0;3;6;9;17;3;0;0;53927964080;4
48;Não;3;2;6;5;16885;4;4;2;27;9;22;1;1;5;56484585193;4
45;Não;2;3;5;6;5593;5;10;1;15;9;13;9;12;15;92638573916;3
52;Não;3;2;5;5;10445;9;6;7;18;9;19;7;0;8;34408179065;2
38;Não;3;5;7;6;8740;5;7;0;9;9;14;10;7;8;16458881025;3
29;Não;2;5;5;5;2514;6;5;4;11;9;22;28;7;7;81666258116;4
28;Não;2;5;6;5;7655;8;7;0;10;8;17;3;7;9;21461737959;2
46;Não;3;3;7;6;17465;4;9;3;23;4;12;3;9;12;70812384642;3
38;Não;3;2;7;6;7351;5;0;7;10;6;16;2;0;1;24761003217;2
43;Não;2;3;5;5;10820;8;7;8;18;8;11;27;1;8;25033441827;1
39;Sim;3;5;5;5;12169;9;7;7;21;8;11;2;5;18;65242227355;4
40;Não;3;2;6;5;19626;11;7;1;21;8;14;14;9;20;95345717873;3
21;Não;2;2;8;5;2070;6;2;1;2;4;11;1;2;2;93124810935;2
39;Não;3;2;5;5;6782;7;4;9;9;8;15;9;3;5;11314417984;2
36;Não;3;2;5;5;7779;8;9;2;18;9;20;18;9;11;4290448858;4
31;Não;3;3;5;6;2791;9;2;0;3;8;12;20;2;2;85152997874;4
28;Não;3;3;5;5;3201;6;3;0;6;4;17;2;4;5;48551261369;2
35;Não;3;5;7;6;4968;5;2;1;5;6;11;11;2;5;31861215929;4
49;Não;3;3;8;6;13120;5;8;6;22;9;17;8;3;9;97507922378;2
34;Não;3;2;5;5;4033;8;2;2;5;6;11;2;2;3;94135181771;3
29;Não;2;5;5;5;3291;6;5;0;8;8;14;10;1;7;56893032932;2
42;Não;3;2;6;5;4272;7;0;4;16;8;19;29;0;1;1690977219;4
29;Não;3;3;6;5;5056;8;7;1;10;4;15;8;2;10;26680581911;4
38;Não;3;3;10;4;2844;12;6;1;7;8;13;1;0;7;78970098128;3
28;Não;3;5;5;5;2703;6;1;1;3;8;14;6;2;3;15422082305;3
18;Sim;3;2;6;5;1904;7;0;1;0;4;12;8;0;0;35594944301;3
33;Sim;2;2;7;6;8224;5;2;0;6;9;17;9;3;5;25278970639;1
41;Não;3;3;5;5;4766;7;0;3;6;9;11;12;0;1;55483449180;4
31;Sim;3;3;6;5;2610;7;2;1;2;8;12;15;2;2;68774878779;3
37;Não;2;5;6;5;5731;9;2;7;9;6;13;25;3;6;90743903040;4
27;Não;3;3;5;5;2539;6;2;1;4;8;13;6;2;4;22822146716;3
34;Não;2;3;5;6;5714;5;5;1;6;4;20;9;3;6;13214885044;3
35;Não;3;2;8;4;4323;12;4;1;6;9;17;8;4;5;92148251273;3
29;Sim;2;3;5;6;7336;5;8;1;11;4;13;23;10;11;48735640059;1
40;Não;2;2;6;5;13499;11;7;9;20;9;17;9;13;18;46282958672;3
42;Sim;3;2;5;6;13758;5;9;0;22;8;12;12;14;21;4210828585;1
42;Não;3;2;7;6;5155;5;4;7;9;9;13;4;5;6;55420840220;1
35;Não;3;3;6;5;2258;7;0;6;10;9;12;1;7;8;48533759543;3
24;Não;3;2;6;5;3597;7;3;8;6;8;22;24;2;4;12946568505;2
28;Sim;2;3;5;5;2515;7;1;1;1;4;11;12;0;1;92575122453;4
26;Não;3;3;6;5;4420;7;7;1;8;9;22;3;7;8;78696751518;4
30;Não;3;3;7;6;6578;5;3;1;10;8;18;10;4;10;51355045156;3
40;Não;2;3;6;5;4422;6;1;3;16;6;13;26;0;1;7781166202;4
35;Não;3;5;5;5;10274;8;7;2;15;8;18;2;4;7;45054244997;2
34;Não;3;2;6;5;5343;9;9;0;14;8;20;1;9;13;38099819063;1
35;Não;3;3;9;5;2376;7;2;1;2;9;13;4;2;2;59225782984;4
43;Sim;2;2;7;6;5346;5;3;8;7;8;13;9;3;4;13733605002;3
32;Não;2;5;5;6;2827;9;0;1;1;4;12;2;0;1;56679545129;1
56;Não;2;5;8;5;19943;4;2;4;28;9;13;4;2;5;46211428515;1
29;Não;2;3;6;5;3131;7;8;1;10;4;13;6;8;10;73801634741;4
19;Não;3;2;5;5;2552;6;1;1;1;6;25;9;0;1;40545459001;1
45;Não;2;3;6;5;4477;6;2;4;7;8;19;7;2;3;89457538108;3
37;Não;2;3;5;5;6474;8;8;1;14;8;13;1;11;14;6123113454;4
20;Não;3;2;5;5;3033;7;2;1;2;8;12;3;2;2;7028253299;3
44;Sim;3;2;5;5;2936;6;4;1;6;9;11;10;2;6;65476155321;3
53;Não;2;5;6;5;18606;4;7;3;26;6;18;7;7;7;79818524584;3
29;Não;2;3;5;5;2168;6;4;0;6;4;18;15;3;5;49714260941;4
22;Sim;3;3;5;5;2853;6;0;0;1;9;11;3;0;0;48079895762;4
46;Não;2;3;7;6;17048;4;15;8;28;8;23;2;9;26;89506891099;1
44;Não;3;2;5;5;2290;6;0;2;6;8;13;17;0;0;78601857794;3
33;Não;3;3;10;4;3600;12;4;1;5;8;13;2;4;5;15765687740;3
41;Sim;3;5;5;5;2107;6;0;6;5;6;17;5;0;1;81623009194;1
30;Não;3;5;5;6;4115;5;3;8;8;9;19;29;3;4;45450733723;1
40;Não;3;3;6;6;4327;5;0;5;5;9;12;2;0;0;15606869089;2
50;Não;2;3;6;5;17856;4;2;2;32;8;22;2;2;2;21609189822;1
28;Não;3;3;6;5;3196;7;5;1;6;9;12;19;3;6;24532773201;1
46;Não;3;3;5;5;19081;11;2;5;25;6;11;15;3;4;23081471713;2
35;Não;3;3;5;6;8966;5;7;3;15;9;15;17;7;7;79994769246;1
24;Sim;2;3;5;5;2210;7;0;1;1;6;13;17;0;1;17564795323;2
33;Não;2;3;6;6;4539;5;7;1;10;8;12;25;1;10;59015022918;3
36;Não;3;5;5;5;2741;7;7;1;7;9;14;6;7;7;66477523739;3
30;Não;3;5;5;5;3491;7;7;1;10;9;13;7;9;10;97471126360;3
44;Não;3;2;9;5;4541;6;11;1;20;9;25;29;17;20;9895437661;4
20;Não;3;2;7;6;2678;9;1;1;2;8;17;21;2;2;76998439425;4
46;Não;3;5;8;5;7379;8;3;2;12;9;11;2;4;6;65269395214;4
42;Não;3;3;6;4;6272;12;3;7;10;10;16;2;3;4;94882610489;1
60;Não;3;5;7;6;5220;5;7;0;12;9;18;7;9;11;5420405606;4
32;Não;2;3;9;5;2743;7;2;1;2;8;20;13;2;2;14731091995;2
32;Não;2;2;5;5;4998;6;7;4;10;6;14;2;7;8;89099263109;3
36;Não;2;5;8;5;10252;8;7;2;17;8;21;1;7;7;79135213895;1
33;Não;3;3;6;5;2781;6;10;0;15;8;13;9;10;14;5101298371;4
40;Não;2;5;8;6;6852;5;1;7;7;8;12;10;3;5;63970443919;2
25;Não;3;2;5;6;4950;5;3;0;5;9;14;10;1;4;36501494903;4
30;Não;3;3;6;5;3579;6;9;0;12;8;21;1;7;11;48815628490;2
42;Não;2;3;6;5;13191;11;0;3;20;10;17;26;0;1;3777725144;1
35;Não;2;3;7;6;10377;5;2;4;16;6;11;8;12;13;36883279725;4
27;Não;3;3;5;5;2235;6;7;1;9;8;14;14;8;9;41576927824;1
54;Não;2;5;5;5;10502;8;4;7;33;9;17;1;4;5;75766503176;3
44;Não;2;3;5;5;2011;6;5;1;10;4;13;2;7;10;14663363458;4
19;Sim;2;2;6;5;1859;6;1;1;1;8;25;10;0;1;70499896201;2
29;Não;2;5;5;5;3760;6;2;1;3;8;15;1;2;3;86115842407;4
54;Não;3;3;5;5;17779;11;9;3;36;8;14;3;9;10;74692169437;4
31;Não;3;3;6;5;6833;9;5;1;6;6;12;11;1;6;81557666989;1
31;Não;2;2;6;5;6812;9;9;1;10;8;19;24;8;10;9421002270;1
59;Não;2;2;5;6;5171;5;1;5;13;8;17;3;5;6;95325242618;4
43;Não;3;3;5;5;19740;11;7;3;25;8;14;3;7;8;98858605039;4
49;Não;3;3;6;5;18711;4;0;2;23;6;13;4;0;1;73967693134;3
36;Não;3;3;8;5;3692;6;10;1;12;8;12;3;7;11;81674809106;2
48;Não;3;2;8;5;2559;7;0;5;7;6;11;2;0;1;69947749767;2
27;Não;3;5;5;5;2517;6;3;1;5;6;11;4;3;5;22473367003;3
29;Não;3;5;5;5;6623;9;0;1;6;8;11;7;0;6;27117187024;4
48;Não;3;2;5;5;18265;11;0;6;25;8;12;1;0;1;76803747891;4
29;Não;2;5;5;5;16124;11;7;3;9;8;14;1;7;7;70787727548;4
34;Não;2;3;8;5;2585;6;0;0;2;8;17;20;0;1;47473334676;3
44;Não;3;3;7;6;18213;4;9;7;26;8;11;5;10;22;23887955351;2
33;Não;3;5;7;6;8380;5;8;0;10;10;14;10;8;9;94671052556;3
19;Não;2;2;5;5;2994;6;0;1;1;8;12;25;1;1;55952606366;4
23;Não;3;3;5;5;1223;6;0;1;1;6;22;1;1;1;54847996577;3
25;Sim;3;2;5;6;1118;9;0;1;1;4;14;24;0;1;56617645986;4
26;Não;3;2;5;5;2875;6;5;1;8;6;20;4;2;8;47664879780;4
45;Sim;2;2;7;6;18824;4;10;2;26;8;16;2;11;24;56794694723;2
55;Não;3;5;6;5;13577;9;9;1;34;4;15;8;0;33;46673263299;2
21;Sim;2;2;5;5;2625;7;2;1;2;6;20;10;2;2;86248584467;3
46;Não;2;3;7;6;18789;4;4;2;26;6;14;4;8;11;8984452763;2
34;Não;2;2;7;6;4538;5;2;0;4;8;12;2;2;3;31006803503;1
51;Não;3;5;5;6;19847;4;10;4;31;8;24;9;10;29;10267087875;2
59;Não;3;2;6;5;10512;8;7;6;25;9;12;18;4;9;35247911930;4
34;Não;2;5;6;5;4444;7;8;4;15;8;13;19;10;11;21237854188;2
28;Não;3;2;6;5;2154;7;2;0;5;9;11;1;2;4;64091772020;3
44;Não;3;5;5;5;19190;4;9;1;26;6;14;4;13;25;14782842506;1
34;Não;3;3;5;4;4490;12;9;4;14;8;11;11;8;10;88350953474;2
35;Não;3;3;5;5;3506;6;2;0;4;4;14;6;2;3;71722019436;3
42;Não;2;3;6;5;2372;6;0;6;18;9;16;7;0;1;13319588495;2
43;Não;2;2;7;6;10231;5;7;3;23;9;14;4;17;21;61903898558;4
36;Não;2;2;5;5;5410;8;14;9;18;9;11;2;12;16;48361116238;2
44;Sim;2;3;6;5;7978;9;7;1;10;8;11;15;5;10;55281969057;4
28;Não;3;3;5;5;3867;7;2;1;2;8;12;2;2;2;4352314087;4
51;Não;2;2;6;5;2838;7;0;0;8;6;14;6;7;7;83991191448;3
30;Não;2;2;6;5;4695;8;4;7;10;6;18;9;7;8;82320355958;3
29;Sim;2;5;8;5;3339;7;7;3;10;8;13;7;7;7;3614899181;3
28;Não;3;2;8;5;2080;6;2;2;5;8;11;1;2;3;68530929641;1
25;Não;2;2;6;5;2096;6;2;1;2;8;18;1;1;2;21848020662;2
32;Não;3;3;6;6;6209;5;7;1;10;8;15;8;8;10;40424750029;4
45;Não;2;2;6;5;18061;4;0;3;22;8;22;25;0;0;33983361793;2
39;Não;2;5;6;5;17123;4;9;6;21;9;13;13;2;19;22033408626;2
58;Não;3;5;5;5;2372;6;2;1;2;9;12;23;2;2;46805441685;3
32;Sim;3;3;5;5;4883;7;4;1;10;6;18;7;1;10;24949498943;3
39;Sim;3;2;6;5;3904;6;2;0;6;8;13;23;3;5;93960877926;1
30;Não;2;3;8;5;4627;7;2;0;10;8;12;6;7;9;76976623650;4
36;Não;2;3;8;5;7094;9;7;3;10;9;12;10;7;7;77233159405;3
46;Não;2;2;5;4;3423;12;6;6;10;6;12;1;7;7;83716698570;1
28;Não;2;3;5;5;6674;7;8;0;10;8;11;1;5;9;25931356031;4
50;Não;2;3;5;5;16880;11;2;4;25;8;11;28;2;3;99239951899;1
40;Sim;3;2;7;6;9094;5;4;2;9;9;12;25;0;5;75155064281;2
52;Sim;3;2;5;6;8446;5;7;9;10;8;19;5;7;8;91281325482;2
30;Não;2;3;6;5;11916;4;1;1;9;9;23;17;8;9;94645552201;1
39;Não;3;2;5;5;4534;8;7;0;9;6;11;18;7;8;91252934158;3
31;Não;2;5;5;6;9852;5;8;1;10;9;19;2;6;10;90299999784;3
41;Não;3;2;6;6;6151;5;2;1;19;6;13;10;9;19;62231913708;2
31;Sim;2;2;5;6;2302;9;2;1;3;8;11;1;2;3;73275842237;2
44;Sim;3;3;5;5;2362;7;2;4;10;8;12;3;2;3;7169085754;1
42;Não;3;3;5;5;17861;4;8;0;21;4;13;2;10;20;59187378062;3
55;Não;2;3;6;5;19187;4;9;4;23;6;14;2;11;19;61672225575;3
56;Não;3;2;5;4;19717;4;3;6;36;9;14;8;7;7;13399830137;2
40;Não;3;5;5;5;3544;6;2;9;6;6;16;16;0;4;12383869233;3
34;Não;3;5;5;5;8500;9;7;0;10;8;11;9;6;9;32906145507;4
40;Não;3;2;5;5;4661;6;8;1;9;8;13;2;8;9;7043321247;4
41;Não;2;5;7;6;4103;5;3;0;10;8;17;1;7;9;11309363849;1
35;Não;3;2;5;5;4249;6;6;1;9;9;11;4;1;9;45102010338;3
51;Não;3;5;5;4;14026;4;9;1;33;8;11;5;10;33;34429749401;2
38;Não;2;5;5;6;6893;5;7;3;11;6;15;2;7;7;39639617069;1
34;Não;2;2;6;6;6125;5;8;1;10;6;12;15;6;10;31597086136;1
25;Não;3;3;6;5;3669;7;2;3;7;4;11;19;2;3;3008800775;4
58;Sim;2;3;6;5;10008;8;9;7;31;9;14;7;9;10;22163210912;1
40;Não;3;3;5;5;2387;7;2;3;7;9;22;1;3;4;25496551586;2
36;Não;2;3;7;6;4639;5;7;2;17;8;16;7;13;15;56410913825;1
48;Não;3;2;5;5;7898;8;9;1;11;8;11;4;8;10;94495201705;4
27;Não;2;3;6;6;2534;9;0;8;5;8;14;11;0;1;53575800288;4
51;Não;2;2;8;5;13142;8;2;3;29;6;16;11;3;5;80218550489;2
18;Não;2;2;5;5;1611;7;0;1;0;8;15;1;0;0;99800232654;4
35;Não;2;3;6;5;5363;7;7;0;10;8;12;1;0;9;53750693467;4
27;Não;3;2;5;6;5071;5;2;3;8;4;20;2;0;6;9145602924;4
55;Sim;3;2;7;6;13695;5;7;6;24;9;17;13;8;19;42472694035;3
56;Não;3;3;5;5;13402;8;16;4;33;8;12;23;9;19;67600651974;2
34;Não;2;5;8;5;2029;6;4;1;5;4;20;26;0;5;24086234827;3
40;Não;2;5;6;5;6377;9;11;5;15;4;20;2;8;12;17459430338;3
34;Não;3;3;6;5;5429;7;7;4;10;8;13;29;7;8;68498648246;3
31;Sim;2;2;5;6;2785;9;0;7;3;8;14;2;0;1;46488637188;4
35;Sim;2;3;7;6;4614;5;2;0;5;9;18;18;2;4;35983806995;3
38;Não;3;5;5;5;2610;6;2;1;4;8;11;7;3;4;79854344074;3
34;Não;2;2;8;5;6687;9;11;1;14;9;11;2;11;14;36286735525;4
28;Não;3;3;5;6;4724;5;3;1;5;8;11;26;4;5;50851641394;1
31;Sim;3;3;6;5;6179;8;2;1;10;9;15;22;7;10;31613574616;3
39;Não;3;3;5;6;6120;5;4;3;8;9;12;21;4;5;16766839745;4
51;Não;3;3;7;6;10596;5;2;2;14;8;11;2;2;4;99923262931;2
41;Não;2;5;5;5;5467;6;2;3;12;8;14;22;3;6;97175088855;4
37;Não;3;3;5;5;2996;6;4;7;8;4;15;4;3;6;3146126715;3
33;Não;3;3;5;6;9998;5;4;6;8;4;13;5;2;5;72959668387;4
32;Não;3;3;7;6;4078;5;2;0;4;4;13;2;2;3;35530096984;2
39;Não;3;3;5;5;10920;9;4;3;13;6;21;25;5;6;1691531880;3
25;Não;3;3;5;6;6232;5;2;2;6;4;11;18;2;3;72493468166;3
52;Não;2;3;6;5;13247;8;3;2;24;6;11;28;2;5;9603843418;3
43;Não;2;2;6;5;4081;6;7;1;20;8;14;6;8;20;45738146912;3
27;Não;2;3;7;6;5769;5;2;1;6;8;11;10;4;6;47796292778;4
27;Sim;2;2;5;5;2394;6;2;1;8;9;13;17;7;8;19590736245;3
26;Não;3;2;6;5;3904;6;3;0;5;4;12;2;1;4;22476595210;4
42;Não;2;3;10;4;16799;4;7;0;21;8;14;10;9;20;39843044539;1
52;Não;2;3;9;5;2950;7;4;9;12;9;13;8;4;5;26694562373;1
37;Não;2;2;6;5;3629;7;2;4;8;8;18;11;2;3;66335015159;3
35;Não;3;2;5;5;9362;8;2;2;10;6;11;18;2;2;71963452989;4
25;Não;3;3;8;5;3229;7;2;4;7;8;11;1;2;3;87105631831;4
26;Não;3;2;9;5;3578;7;7;0;8;8;12;7;7;7;63064267069;1
29;Não;3;2;9;4;7988;12;9;1;10;8;13;17;9;10;99456334126;1
49;Sim;3;2;5;5;4284;7;3;3;20;6;20;28;3;4;54847488732;1
29;Sim;2;2;9;5;7553;9;7;0;9;4;12;14;7;8;89248068458;4
54;Não;2;2;6;5;17328;11;7;6;29;8;19;1;7;20;19660329765;4
58;Não;2;3;6;5;19701;11;8;3;32;8;21;1;5;9;40115426833;1
55;Não;3;5;6;5;14732;11;7;2;31;9;13;1;0;7;37113708620;4
36;Não;2;2;7;6;9278;5;4;3;15;9;16;3;1;5;83706743724;2
31;Sim;2;2;5;6;1359;9;0;1;1;9;12;1;0;1;76609597041;3
30;Não;2;5;7;6;4779;5;2;7;8;9;14;7;2;3;10573654249;1
31;Não;2;2;5;5;16422;11;2;3;9;10;11;8;0;3;77698090443;2
34;Não;3;5;9;5;2996;6;3;5;10;9;14;1;3;4;57135760586;1
31;Sim;2;2;5;5;1261;6;0;1;1;8;12;8;0;1;49649104057;2
27;Não;3;3;5;5;2099;7;0;0;6;4;14;11;4;5;89497031897;1
36;Não;3;2;5;5;5810;7;4;1;10;9;16;4;8;10;25330942975;4
36;Não;2;3;7;6;5647;5;2;4;11;9;13;16;2;3;4191770356;1
47;Não;3;3;8;5;3420;6;5;7;17;8;12;1;2;6;73779276725;4
25;Sim;3;3;5;6;4400;9;2;3;6;6;12;9;2;3;48734102857;1
37;Não;3;2;8;5;3500;7;5;0;7;6;14;5;3;6;48363384153;3
56;Não;2;3;5;5;2066;6;2;2;5;6;22;1;0;3;69498041907;1
47;Não;2;3;6;5;17169;11;17;3;26;9;19;2;6;20;43735739338;3
24;Não;2;3;6;6;4162;5;4;1;5;4;12;4;3;5;64474740788;3
32;Não;3;3;7;6;9204;5;3;4;7;10;12;7;3;4;17089535572;4
34;Não;2;3;5;5;3294;7;4;5;7;8;17;1;2;5;82337179610;2
41;Não;3;3;6;5;2127;6;2;2;7;10;12;5;3;4;97492670173;3
40;Não;3;5;9;5;3975;7;7;3;11;9;11;9;7;8;49696898173;3
31;Não;3;5;5;6;10793;5;7;1;13;6;18;8;9;13;56744537361;4
46;Sim;3;5;7;6;10096;5;7;4;28;8;11;9;3;7;50388633904;4
39;Sim;2;2;5;5;3646;7;0;2;11;8;23;2;0;1;57727412239;1
31;Sim;2;2;5;5;7446;8;8;1;10;10;11;1;7;10;63394581569;2
45;Não;3;5;6;5;10851;9;7;2;24;8;18;20;7;7;51098863085;1
31;Não;2;2;6;4;2109;12;2;9;8;6;18;8;2;3;85111222368;2
31;Sim;3;3;5;5;3722;7;2;6;7;8;13;2;2;2;30006552892;4
45;Não;3;3;8;5;9380;8;1;4;10;8;18;29;2;3;54700103167;4
48;Não;3;5;7;6;5486;5;2;4;15;8;11;7;2;2;17640603137;1
34;Sim;2;3;8;4;2742;12;2;1;2;9;15;9;2;2;63495084391;3
40;Não;3;5;6;5;13757;11;8;2;16;4;11;8;8;9;21000749106;2
28;Não;3;2;6;6;8463;5;4;0;6;8;18;5;3;5;16716254591;1
44;Não;3;2;5;5;3162;7;2;3;7;8;14;5;3;5;2723224966;3
53;Não;3;2;6;5;16598;11;8;4;35;8;12;2;8;9;20002766461;2
49;Não;3;3;8;5;6651;9;2;2;20;9;14;5;2;3;56659842621;3
40;Não;3;5;6;5;2345;6;1;2;8;8;14;2;2;3;53299286985;3
44;Não;3;2;5;5;3420;6;2;1;6;8;13;20;3;5;532711064;2
33;Não;3;3;6;6;4373;5;3;0;5;8;14;7;3;4;82815398438;1
34;Não;3;2;9;6;4759;5;9;3;15;8;18;3;12;13;41330169407;1
30;Não;3;3;5;6;5301;5;1;8;4;4;15;16;2;2;61511354426;3
42;Não;2;2;6;5;3673;7;9;1;12;6;13;9;8;12;87173015062;4
44;Não;2;3;7;6;4768;5;0;7;11;10;12;1;0;1;27336028278;3
30;Não;3;5;8;5;1274;6;0;1;1;8;13;7;0;1;4649569710;3
57;Não;3;3;5;5;4900;6;9;0;13;6;24;1;8;12;85154711682;3
49;Não;3;5;5;5;10466;9;7;3;29;9;14;7;7;8;47192569708;2
34;Não;3;5;6;5;17007;11;8;7;16;8;14;15;9;14;5692462916;1
28;Sim;3;3;8;6;2909;9;2;3;5;8;15;1;2;3;34423051270;3
29;Sim;2;2;8;6;5765;5;3;5;7;8;11;13;0;5;83872188022;2
34;Sim;2;2;6;6;4599;5;9;0;16;9;23;24;10;15;16844985313;2
35;Não;3;3;5;6;2404;9;0;1;1;4;13;7;0;1;48371539861;3
24;Sim;3;2;6;5;3172;7;0;2;4;8;11;9;0;0;38671014347;1
24;Não;2;3;5;6;2033;9;0;1;1;6;13;13;0;1;22908737819;2
44;Não;3;2;6;5;10209;8;2;5;16;4;18;2;2;2;31353278326;3
29;Não;3;5;5;6;8620;5;7;1;10;8;14;19;4;10;15855419848;3
30;Não;3;5;5;4;2064;12;3;0;6;8;21;1;3;5;56300332028;3
55;Não;3;3;5;5;4035;9;2;0;4;9;16;4;2;3;58204646978;3
33;Não;2;3;6;5;3838;7;4;8;8;9;11;4;2;5;17086234287;2
47;Não;2;3;6;6;4591;5;4;3;11;8;17;14;2;5;55738226224;3
28;Sim;3;2;6;5;2561;7;0;7;8;6;11;2;0;0;64031589325;1
28;Não;3;5;5;5;1563;6;0;1;1;8;14;1;0;1;63980663636;3
28;Não;3;2;5;6;4898;5;2;0;5;8;14;7;3;4;68546743283;1
49;Não;2;3;6;5;4789;7;2;4;10;6;25;3;2;3;27849836848;1
29;Não;2;3;5;5;3180;7;2;0;4;4;13;2;2;3;3812427888;2
28;Não;3;3;5;5;6549;8;6;1;8;4;14;29;7;8;7467465850;2
33;Não;3;2;5;5;6388;9;0;2;14;10;17;8;0;0;72668254224;3
32;Não;3;2;6;5;11244;4;2;2;10;8;25;10;0;5;99114920240;4
54;Não;2;5;6;5;16032;4;9;3;26;9;20;11;12;14;4987903492;4
29;Sim;3;2;8;5;2362;6;7;6;11;9;13;1;7;9;45472801551;1
44;Não;3;3;5;5;16328;11;6;3;24;8;13;28;17;20;37686370734;1
39;Não;2;2;5;5;8376;8;0;4;9;8;18;6;2;2;18989185648;2
46;Não;2;3;5;6;16606;4;12;8;23;8;12;3;1;13;85384065941;2
35;Não;2;2;5;5;8606;9;8;1;11;8;19;16;3;11;43196626697;2
23;Não;3;2;5;5;2272;7;3;0;5;4;14;20;2;4;40825418378;3
40;Sim;3;2;5;5;2018;7;4;3;15;9;14;9;0;5;58377170497;1
34;Não;3;3;8;6;7083;5;9;1;10;8;14;1;6;10;23328508333;3
31;Sim;2;2;5;5;4084;6;2;1;7;8;12;3;7;7;46764452705;3
50;Não;3;2;6;5;14411;11;6;1;32;10;13;22;9;32;53440217857;4
34;Não;3;3;8;6;2308;9;10;0;12;6;25;7;7;11;95770893083;3
42;Não;3;3;6;5;4841;7;0;4;4;8;14;2;0;1;18228692042;2
37;Não;3;3;6;5;4285;6;8;1;10;8;17;13;7;10;15698697706;4
29;Não;2;3;9;5;9715;9;7;3;9;4;13;8;7;7;18550246131;1
33;Não;3;2;5;5;4320;8;3;1;5;8;13;25;2;5;79482632480;2
45;Não;3;3;8;5;2132;6;4;4;8;8;20;28;3;5;4885579754;4
42;Não;3;3;5;5;10124;9;8;2;24;8;14;2;9;20;4093354368;4
40;Não;3;3;6;6;5473;5;4;0;9;6;12;9;1;8;97289867223;1
33;Não;3;3;5;5;5207;7;14;1;15;9;12;28;7;15;46112349247;3
40;Não;3;2;6;4;16437;4;7;1;21;6;21;6;7;21;14429885600;4
24;Não;3;5;8;5;2296;7;1;0;2;6;14;21;0;1;62898210372;1
40;Não;3;5;5;5;4069;9;2;3;8;6;18;8;2;2;18991356966;4
45;Não;3;5;8;5;7441;9;8;1;10;9;12;1;7;10;23226732678;2
35;Não;2;3;5;6;2430;9;3;0;6;9;23;28;2;5;50720938016;3
32;Não;2;3;5;5;5878;6;1;3;12;6;12;5;5;7;8348564392;2
36;Não;3;2;5;6;2644;9;2;3;7;9;21;2;2;3;92036566098;4
48;Não;2;5;5;6;6439;5;7;8;18;9;14;16;7;8;83197578308;3
29;Não;3;3;5;5;2451;6;0;6;5;8;18;9;0;1;63209571090;3
33;Não;3;3;5;6;6392;5;2;2;8;9;13;8;2;2;76869350461;1
30;Sim;3;3;5;6;9714;5;8;1;10;8;11;1;7;10;94690358605;1
38;Não;3;3;10;4;6077;12;3;3;10;9;11;10;2;6;6446800239;3
35;Não;3;2;6;5;2450;7;0;1;3;8;19;1;2;3;16668482410;1
30;Não;3;3;8;6;9250;5;2;3;9;9;12;29;3;4;8813244079;2
35;Sim;2;5;5;5;2074;7;0;1;1;8;12;2;0;1;86119970057;1
53;Sim;2;3;8;5;10169;8;7;0;34;10;16;2;9;33;49820812490;4
38;Sim;3;3;6;5;4855;8;2;4;7;8;11;2;4;5;75282806329;2
32;Não;3;3;8;5;4087;6;5;4;9;9;14;1;2;6;78967520232;1
48;Não;2;3;9;5;2367;6;2;8;10;9;12;15;6;8;12836947138;1
34;Não;3;2;6;5;2972;6;0;1;1;9;13;7;0;1;96063712075;4
55;Não;3;3;7;6;19586;4;6;1;36;10;21;26;13;36;22149548288;4
34;Não;3;3;5;5;5484;6;2;9;9;9;17;1;1;2;87181977691;4
26;Não;2;3;5;5;2061;6;0;1;1;8;21;3;0;1;28719493458;4
38;Não;3;3;5;6;9924;5;8;0;10;8;11;14;7;9;34121525065;2
38;Não;2;2;5;6;4198;5;2;2;8;8;12;16;2;3;94436479440;2
36;Não;2;2;5;6;6815;5;0;6;15;9;13;1;0;1;68428522508;3
29;Não;3;2;6;5;4723;7;9;1;10;4;18;3;5;10;84482542552;1
35;Não;2;2;6;5;6142;9;2;3;10;9;16;10;4;5;6094193901;3
39;Não;3;3;6;6;8237;5;6;2;11;8;11;6;6;7;19479183402;3
29;Não;3;5;5;5;8853;9;4;1;6;4;19;2;3;6;43806696129;4
50;Não;3;3;7;6;19331;4;0;4;27;8;16;9;0;1;41651016106;3
23;Não;3;3;8;5;2073;6;2;2;4;8;16;10;2;2;39641110678;3
36;Não;3;3;5;5;5562;7;2;3;9;9;13;6;2;3;11334865068;1
42;Não;3;2;9;5;19613;4;0;8;24;6;22;9;1;1;28452322162;4
35;Não;3;3;5;5;3407;7;9;1;10;8;17;28;8;10;80061668660;3
34;Não;3;3;8;5;5063;9;2;1;8;9;14;10;7;8;5153298324;3
40;Não;2;3;5;6;4639;5;4;1;5;6;15;14;2;5;69160410509;1
43;Não;3;5;8;5;4876;7;4;5;8;8;12;27;2;6;35343823988;2
35;Não;3;3;5;5;2690;7;0;1;1;6;18;7;1;1;42935587976;4
46;Não;3;2;5;6;17567;4;0;1;27;9;15;1;12;26;83027560318;1
28;Sim;3;3;6;5;2408;7;1;1;1;8;17;24;0;1;73282686992;2
22;Não;2;3;9;5;2814;6;2;1;4;6;14;26;3;4;42504935371;3
50;Não;3;3;6;5;11245;9;8;2;32;10;15;20;13;30;53683373597;3
32;Não;2;3;9;5;3312;6;2;3;6;9;17;5;2;3;52758853831;4
44;Não;2;5;6;5;19049;11;7;0;23;8;14;7;10;22;8794805839;4
30;Não;3;3;6;5;2141;6;4;1;6;8;12;7;1;6;85981509408;2
45;Não;2;2;6;5;5769;7;7;1;10;10;14;5;4;10;66066515992;1
45;Não;3;3;7;6;4385;5;7;1;10;8;15;26;5;10;65745033951;1
31;Não;3;2;9;6;5332;5;2;7;10;9;13;2;3;5;53154997032;1
36;Não;2;3;5;5;4663;8;2;9;7;9;12;12;1;3;40710660392;3
34;Não;3;5;5;5;4724;8;7;1;9;9;13;10;2;9;23739513210;4
49;Não;2;3;5;5;3211;7;6;1;10;9;14;25;4;9;1168576454;1
39;Não;3;3;6;5;5377;8;7;2;10;10;13;10;7;7;25769917178;1
27;Não;3;5;9;5;4066;7;7;1;7;8;11;19;7;7;43944546970;1
35;Não;3;3;5;5;5208;6;15;1;16;10;11;18;10;16;35835908637;1
28;Não;2;5;6;5;4877;8;3;0;6;8;21;27;0;5;78990124207;1
21;Não;3;2;6;5;3117;6;2;1;3;4;18;5;2;2;1319850094;4
18;Sim;2;2;6;6;1569;9;0;1;0;6;12;3;0;0;65140399286;4
47;Não;2;3;5;4;19658;4;2;3;27;9;11;26;0;5;82799393180;3
39;Não;3;5;6;5;3069;7;8;0;11;6;15;3;7;10;11462766087;3
40;Não;2;3;5;5;10435;8;15;1;18;8;13;15;12;18;72618538274;3
35;Não;2;3;5;5;4148;9;11;1;15;9;12;8;9;14;65810740442;3
37;Não;3;3;5;5;5768;8;3;3;9;8;17;19;2;4;47583040802;3
39;Não;2;2;6;5;5042;8;2;0;10;8;13;4;8;9;77773607519;3
45;Não;2;5;9;5;5770;8;7;1;10;6;19;2;9;10;16836098364;4
38;Não;2;3;6;5;7756;8;4;3;10;6;19;2;2;5;21553270405;3
35;Sim;3;3;6;6;10306;5;12;9;15;8;17;10;0;13;76629656013;1
37;Não;2;3;6;5;3936;6;4;1;8;8;11;10;7;8;40056180699;2
40;Não;2;2;5;5;7945;8;2;6;18;8;15;16;3;4;89317604266;4
44;Não;3;3;10;4;5743;12;7;4;14;10;11;1;2;10;50559471420;4
48;Não;3;3;6;5;15202;4;2;2;23;10;25;4;2;2;97014841667;4
35;Sim;3;5;6;6;5440;5;2;6;7;6;14;15;2;2;20788849132;4
24;Não;2;2;8;5;3760;6;3;1;6;4;13;2;3;6;70341109137;4
27;Não;2;3;6;5;3517;6;2;7;5;8;17;8;2;3;71374192599;3
27;Não;3;2;6;5;2580;6;2;2;6;8;13;2;2;4;1621803391;4
40;Sim;3;2;5;5;2166;7;2;3;10;8;14;7;3;4;58402645933;1
29;Não;3;2;6;6;5869;5;2;9;8;8;11;10;4;5;11357577504;3
36;Não;2;3;5;5;8008;9;2;4;9;9;12;5;2;3;26923845616;1
25;Não;3;5;5;5;5206;8;7;1;7;4;17;2;7;7;64877274205;3
39;Não;3;3;6;5;5295;8;4;4;7;8;21;12;0;5;62934031990;2
49;Não;2;3;9;5;16413;11;2;3;27;9;16;22;2;4;31887724012;2
50;Não;2;5;5;5;13269;11;11;5;19;10;15;17;11;14;87786869336;1
20;Não;2;2;6;6;2783;9;2;1;2;8;19;2;2;2;67390110946;3
34;Não;2;5;5;5;5433;6;8;1;11;8;12;3;9;11;80115288687;2
36;Não;3;2;5;5;2013;7;3;2;15;8;11;7;3;4;99174734674;2
49;Não;2;3;5;5;13966;9;11;2;30;4;19;6;12;15;32663358883;3
36;Não;2;3;6;5;4374;8;2;0;4;9;15;1;2;3;24730164275;3
36;Não;3;5;5;5;6842;9;4;6;13;6;20;3;4;5;69704089119;1
54;Não;2;3;6;5;17426;4;8;3;36;10;25;22;7;10;36818876853;3
43;Não;3;3;5;5;17603;11;10;1;14;6;24;15;11;14;44140926403;3
35;Sim;3;2;9;6;4581;5;9;3;13;9;24;12;7;11;16441401761;4
38;Não;3;3;5;5;4735;6;11;7;19;8;15;1;9;13;32145592339;4
29;Não;3;5;6;6;4187;5;0;1;10;8;13;5;9;10;32662094426;2
33;Não;3;5;6;6;5505;5;2;1;6;9;14;2;4;6;59664988754;4
32;Não;3;5;6;5;5470;6;5;0;10;8;13;2;6;9;8845737055;2
31;Não;2;3;5;6;5476;5;0;1;10;9;11;5;2;10;8144451826;4
49;Não;2;5;6;5;2587;7;2;4;17;8;16;16;2;2;61870356698;1
38;Não;2;2;6;5;2440;7;3;1;4;8;22;2;3;4;89685594968;2
47;Não;2;5;5;6;15972;4;2;6;29;9;14;2;2;3;40060316052;2
49;Não;3;2;5;5;15379;4;7;4;23;8;14;1;0;8;24200064081;3
41;Não;3;2;5;6;7082;5;0;3;21;6;16;23;2;2;44003285251;3
20;Não;3;2;5;6;2728;9;2;1;2;4;11;9;2;2;25666119745;1
33;Não;2;5;5;6;5368;5;5;1;7;8;25;16;2;6;8169560897;4
36;Não;3;3;5;5;5347;9;2;6;10;9;14;26;2;3;62928054940;3
44;Não;2;5;5;4;3195;12;2;4;8;8;18;1;2;2;28079010503;4
23;Sim;3;2;6;5;3989;7;4;1;5;4;11;8;2;5;28164253492;3
38;Não;2;3;6;5;3306;7;0;7;7;6;19;4;0;0;39048702254;3
53;Não;3;3;6;5;7005;9;3;3;11;9;15;24;2;4;50602029464;4
48;Sim;2;3;6;6;2655;9;7;2;19;6;11;7;7;9;11173385874;3
32;Sim;3;2;5;5;1393;7;0;1;1;9;12;2;0;1;48669751265;2
26;Não;3;2;6;5;2570;7;7;1;7;8;20;7;7;7;1328450639;4
55;Não;3;5;8;5;3537;6;2;5;8;8;12;22;2;4;77493351771;2
34;Não;3;3;6;5;3986;7;10;1;15;6;14;5;13;15;69518746839;4
60;Não;3;5;6;5;10883;9;0;3;19;9;20;1;0;1;28297981961;4
33;Não;3;3;6;5;2028;7;11;1;14;8;18;21;13;14;83612565934;2
37;Não;3;5;6;6;9525;5;3;1;6;9;14;1;3;6;85053071821;4
34;Não;2;3;5;5;2929;6;9;1;10;8;12;19;7;10;79705355040;4
23;Sim;3;5;5;6;2275;9;2;1;3;8;21;7;2;3;92935140067;4
44;Não;2;3;5;5;7879;9;7;1;9;8;19;2;7;8;52549069111;4
35;Não;3;2;6;5;4930;6;4;0;6;9;14;2;4;5;74897148888;4
43;Não;3;3;6;6;7847;5;9;1;10;8;17;2;8;10;74293802260;4
24;Não;3;3;6;5;4401;6;3;1;5;8;16;9;4;5;32676864800;3
41;Não;3;2;7;6;9241;5;8;1;10;8;12;6;7;10;34924926550;3
29;Não;2;3;6;5;2974;7;3;9;9;9;17;9;2;5;38114486277;3
36;Não;2;2;5;6;4502;9;7;3;17;9;15;2;7;13;2291886729;4
45;Não;3;3;5;5;10748;9;15;3;25;4;23;1;4;23;89363990502;3
24;Sim;3;3;10;4;1555;12;0;1;1;4;11;22;0;1;24171591354;3
47;Sim;3;3;5;6;12936;5;5;7;25;8;11;9;10;23;70439608194;3
26;Não;3;3;6;5;2305;7;2;1;3;9;15;17;2;3;74274642050;3
45;Não;2;2;8;5;16704;11;6;1;21;6;11;28;6;21;24043750946;2
32;Não;3;3;5;5;3433;6;2;6;10;8;13;10;3;5;56561848435;3
31;Não;3;3;5;5;3477;7;2;1;6;9;14;2;3;5;85638819001;3
41;Não;3;3;10;4;6430;12;2;6;10;8;19;4;2;3;81703204466;2
40;Não;2;3;5;5;6516;8;0;2;18;6;16;8;0;1;90526896609;1
24;Não;3;5;6;5;3907;7;2;1;6;4;13;29;2;6;40789012859;1
46;Não;3;2;5;5;5562;9;7;6;19;9;14;13;9;10;1841452575;2
35;Não;3;3;5;5;6883;8;7;2;17;9;16;27;7;7;66503779239;3
30;Não;3;3;5;5;2862;6;0;1;10;4;12;16;8;10;70221166575;4
47;Não;3;3;7;6;4978;5;0;7;4;9;11;2;0;1;91066436748;2
46;Não;3;5;5;6;10368;5;6;4;13;8;12;2;3;10;62430086230;4
36;Sim;3;5;7;6;6134;5;2;5;16;10;13;13;2;2;77528718199;1
32;Sim;3;2;5;6;6735;5;0;6;10;6;15;1;0;0;23321201439;2
23;Não;2;2;6;5;3295;7;2;1;3;4;13;4;2;3;6863251806;2
31;Não;2;2;8;5;5238;8;4;2;9;4;20;24;4;5;40182058964;4
39;Não;3;3;5;5;6472;7;8;1;9;8;15;1;8;9;74647370520;4
32;Não;3;3;5;6;9610;5;3;3;10;8;13;19;2;4;45967412422;3
40;Não;3;2;6;6;19833;4;8;1;21;9;14;7;8;21;76010657773;2
45;Não;2;3;5;4;9756;12;0;4;9;8;21;4;3;5;37060213648;3
30;Não;2;2;8;5;4968;6;7;0;10;9;16;2;7;9;47829549690;1
24;Não;3;3;6;4;2145;12;2;0;3;8;14;10;1;2;35911280348;4
30;Sim;2;5;10;4;2180;12;2;6;6;8;11;8;2;4;41011190131;4
31;Não;3;3;8;6;8346;5;2;1;6;8;19;5;2;5;30256882518;3
27;Não;2;2;6;5;3445;6;2;1;6;8;11;8;4;6;29851040158;4
29;Sim;2;2;7;6;2760;9;2;1;2;8;13;9;2;2;78111792820;2
29;Não;3;2;5;5;6294;9;2;8;10;8;12;1;2;3;24377240081;3
30;Não;3;5;7;6;7140;5;7;2;12;6;11;15;7;7;652491966;1
34;Não;3;3;6;5;2932;6;0;0;6;9;14;2;2;5;7874666680;4
33;Não;2;2;7;6;5147;5;7;8;13;8;15;2;7;11;71285867466;2
49;Não;2;2;7;6;4507;5;1;3;8;9;12;11;4;5;73378281564;4
33;Sim;2;2;5;6;8564;5;0;2;11;8;20;16;0;0;74940720646;1
38;Não;2;3;6;5;2468;7;1;4;9;6;14;2;5;6;95294714833;2
31;Sim;3;3;7;6;8161;5;0;2;10;9;13;16;0;1;44860336134;3
29;Não;2;5;8;5;2109;6;0;1;1;8;13;4;0;1;1141123005;1
30;Não;3;3;5;5;5294;9;0;3;10;8;16;16;7;7;28175952042;3
32;Não;3;2;8;5;2718;6;7;2;12;9;14;5;7;7;521973421;2
38;Não;3;3;6;5;5811;9;0;3;15;8;16;18;0;1;42718285699;4
43;Sim;3;3;8;5;2437;6;0;9;6;8;16;17;0;1;72783897358;3
42;Não;3;5;6;5;2766;7;3;8;7;8;22;12;4;5;45533501129;2
55;Não;3;3;6;5;19038;11;0;8;34;8;12;2;0;1;48849561277;1
33;Não;3;5;8;5;3055;6;8;5;11;8;15;4;7;9;74538470705;2
41;Não;3;5;5;5;2289;7;3;1;5;9;20;9;4;5;68498502019;1
34;Não;3;5;5;6;4001;5;14;1;15;8;14;10;7;15;55158745322;3
53;Não;2;3;6;5;12965;8;2;4;27;9;20;1;2;3;47778629052;3
43;Não;3;2;5;4;3539;12;7;0;10;8;13;2;8;9;7759937162;4
34;Não;2;2;5;6;6029;5;2;5;6;6;12;3;2;2;46955443095;4
21;Sim;3;2;7;6;2679;9;0;1;1;4;13;7;0;1;25655846144;2
38;Não;2;3;9;5;3702;7;4;1;5;6;11;6;4;5;16937021398;3
22;Sim;2;3;6;5;2398;7;0;1;1;4;17;8;0;1;25976886236;1
31;Não;2;3;7;6;5468;5;7;1;13;9;14;29;7;12;56717603594;4
51;Não;2;3;8;5;13116;4;2;2;15;8;11;3;2;2;25204873551;3
37;Não;3;3;7;6;4189;5;2;1;5;6;14;9;3;5;23560229503;2
46;Não;3;5;6;5;19328;11;1;7;24;9;17;2;2;2;6819925501;4
36;Não;3;3;5;5;8321;9;8;7;15;8;13;10;7;12;54111608049;1
44;Sim;3;5;6;5;2342;6;3;1;6;6;12;1;3;5;89559001763;2
37;Não;3;5;9;4;4071;12;0;2;19;6;13;8;7;10;25363612509;2
35;Sim;3;2;5;6;5813;5;7;1;10;8;18;27;7;10;93470999591;4
33;Não;3;3;5;5;3143;6;8;6;14;9;19;8;6;10;74509515040;1
28;Não;3;3;5;5;2044;6;3;1;5;8;11;1;3;5;97042245551;4
39;Não;3;2;6;5;13464;11;3;7;9;4;21;10;2;4;36538777608;3
46;Não;3;2;5;6;7991;5;2;8;6;6;15;26;2;2;28729224260;2
40;Não;2;3;5;5;3377;7;3;4;7;6;17;2;2;4;17587457994;1
42;Não;3;3;6;5;5538;9;0;5;10;8;18;13;0;0;10319756544;1
35;Não;3;5;6;5;5762;8;7;2;15;6;14;2;7;7;35221354294;4
38;Não;3;5;10;4;2592;12;10;5;13;8;13;2;8;11;60905718007;2
34;Sim;3;3;5;5;5346;7;1;4;11;9;17;9;7;7;44636085400;1
37;Sim;3;2;6;5;4213;8;3;1;10;9;15;10;8;10;20311732491;1
39;Não;3;5;5;6;4127;5;1;2;7;8;18;20;2;2;42430246587;4
43;Não;3;2;5;5;2438;6;2;4;7;8;13;9;2;3;67739970495;3
41;Não;3;2;5;5;6870;9;2;3;11;8;12;5;2;3;30965866990;2
41;Não;2;5;7;6;10447;5;14;0;23;4;13;4;5;22;36236620973;3
30;Não;2;2;6;5;9667;8;7;9;9;8;14;10;2;7;19730922433;3
26;Sim;2;3;6;4;2148;12;1;0;6;6;11;20;4;5;50126410170;2
46;Sim;2;3;6;5;8926;9;7;4;13;6;22;21;7;9;85589358113;2
40;Não;2;5;5;5;6513;9;3;4;12;8;17;1;3;5;66626016240;4
34;Não;3;3;8;6;6799;5;8;1;10;6;21;8;8;10;6669011123;3
58;Não;3;5;6;6;16291;4;9;4;37;8;22;2;14;16;35312583702;2
35;Não;3;3;6;5;2705;7;4;0;6;9;16;23;3;5;39685596863;3
47;Não;2;5;5;5;10333;8;11;8;28;8;12;4;10;22;27811078189;2
40;Não;2;5;5;5;4448;9;4;2;15;8;12;12;7;7;86701989371;1
54;Não;2;3;6;5;6854;6;1;4;14;9;15;7;7;7;22963624933;4
31;Não;2;3;7;6;9637;5;2;2;9;9;14;7;2;3;96884665894;1
28;Não;2;3;6;5;3591;6;2;1;3;8;25;1;2;3;30247386223;1
38;Não;2;3;7;6;5405;9;2;2;20;9;20;2;3;4;77488786264;4
26;Não;3;2;6;6;4684;5;3;1;5;8;13;10;2;5;39740254457;4
58;Não;3;3;5;5;15787;11;2;2;23;9;14;15;2;2;34903017504;3
18;Não;2;2;6;5;1514;6;0;1;0;8;16;14;0;0;53795656291;3
31;Sim;3;3;10;4;2956;12;0;0;2;10;17;18;0;1;47509805122;1
29;Sim;3;5;10;4;2335;12;2;4;4;8;15;13;0;2;33045820092;1
45;Não;2;3;5;6;5154;5;7;4;10;9;22;2;7;8;83046165926;3
36;Não;2;3;9;5;6962;6;0;4;15;9;22;2;0;1;10851685585;2
43;Não;3;3;5;6;5675;5;7;1;7;9;20;2;7;7;32615438001;4
27;Não;2;2;5;5;2379;7;4;0;6;6;14;5;2;5;5793823854;4
29;Não;3;3;6;5;3812;7;8;1;11;4;13;20;10;11;3037638766;4
32;Não;3;2;7;6;4648;5;0;8;4;9;13;10;0;0;37660347842;4
42;Não;3;3;8;5;2936;6;3;3;10;9;22;10;3;6;68614310376;3
47;Não;2;2;5;5;2105;7;2;4;7;9;12;9;0;2;31662542243;3
46;Não;3;5;5;5;8578;8;8;3;12;6;14;2;7;9;6366323599;4
28;Não;3;5;5;4;2706;12;2;1;3;6;15;1;2;3;10802855398;4
29;Não;3;5;5;5;6384;9;0;8;11;4;17;29;6;7;90022952400;3
42;Não;3;2;5;5;3968;7;0;4;8;8;13;8;0;0;16669218570;3
32;Sim;3;2;7;6;9907;5;2;7;7;9;12;2;2;2;90061381654;2
46;Não;2;5;8;6;13225;5;17;2;25;8;12;3;8;19;23584200025;1
27;Não;2;3;6;6;3540;9;8;1;9;4;21;23;8;9;10517731909;3
29;Não;3;3;6;4;2804;12;0;1;1;4;11;6;0;1;10981466379;2
43;Não;2;3;6;5;19392;4;12;7;21;8;13;6;14;16;46765827936;3
48;Não;3;3;5;5;19665;11;10;4;29;8;12;10;9;22;93314530745;2
29;Sim;3;2;5;5;2439;6;0;1;1;6;24;24;0;1;18334394819;4
46;Sim;2;3;5;6;7314;5;7;5;14;8;21;10;7;8;50489780433;2
27;Não;2;3;5;5;4774;6;6;0;8;8;19;15;3;7;51462297859;1
39;Não;3;5;9;5;3902;6;2;8;7;9;14;19;2;2;28212005193;4
55;Não;3;3;8;5;2662;6;2;8;19;9;20;2;4;5;81586447302;4
28;Não;2;3;6;6;2856;9;0;1;1;8;19;3;0;1;792276315;2
30;Sim;3;2;6;6;1081;9;0;1;1;8;13;9;0;1;19775351061;4
22;Sim;3;2;5;5;2472;6;0;1;1;4;23;7;0;1;6846380240;2
36;Não;2;3;8;6;5673;5;9;1;10;9;13;10;7;10;83830340823;3
31;Não;3;5;5;5;4197;7;8;1;10;8;11;20;2;10;27723812430;3
34;Não;3;3;5;6;9713;5;3;2;9;8;13;4;0;5;61204492087;4
29;Não;3;2;5;5;2062;7;2;3;11;8;14;7;2;3;37809754017;1
37;Não;3;3;6;5;4284;6;3;5;16;9;22;7;4;5;90153861083;1
35;Não;2;3;9;5;4788;8;2;0;4;6;11;16;2;3;34434743529;2
45;Não;2;3;5;5;5906;8;8;0;10;6;13;25;8;9;70745593753;4
36;Não;3;2;10;4;3886;12;1;1;10;4;21;2;8;10;38949805665;4
40;Não;3;5;5;5;16823;4;7;2;22;9;11;1;16;19;36117727994;1
26;Não;2;3;5;5;2933;6;0;1;1;6;13;1;0;1;1812055815;3
27;Não;2;2;6;6;6500;5;7;0;9;6;14;2;7;8;93248740659;3
48;Não;2;5;6;5;17174;4;17;3;24;8;11;22;7;22;88560518473;4
44;Não;3;3;5;5;5033;9;0;2;10;9;15;1;2;2;22984594868;1
34;Sim;3;3;8;5;2307;6;2;1;5;9;23;16;0;5;44004041081;1
56;Sim;3;2;5;5;2587;7;2;1;5;6;16;24;0;4;42521166415;4
36;Não;3;3;7;6;5507;5;2;2;12;6;16;17;3;4;67933600708;2
41;Não;2;3;7;6;4393;5;4;5;14;8;21;8;4;5;99276122493;2
42;Não;3;3;6;5;13348;11;7;9;18;8;13;6;7;13;97450971650;1
31;Não;2;5;6;6;6583;5;2;2;8;6;11;10;4;5;51156961190;4
34;Não;2;3;6;6;8103;5;2;3;9;4;12;3;1;4;88703967134;4
31;Não;2;5;6;5;3978;7;2;8;4;8;12;4;2;2;43252319089;3
26;Não;3;3;9;5;2544;7;7;0;8;8;18;6;7;7;3788746370;4
45;Não;3;2;6;5;5399;9;2;4;12;9;12;1;3;4;77383667282;3
33;Não;3;2;7;6;5487;5;4;1;10;9;14;10;9;10;19298986259;3
28;Não;3;3;5;6;6834;5;7;1;7;6;12;1;7;7;36029010774;4
29;Sim;3;2;8;6;1091;9;0;1;1;8;17;24;0;1;72055561445;1
39;Não;2;3;5;6;5736;5;2;6;10;9;19;21;2;3;45894723285;3
27;Não;3;3;8;5;2226;6;3;1;6;9;11;2;2;5;89111984547;2
34;Não;3;3;9;5;5747;6;10;1;16;9;15;22;11;15;98983083976;4
28;Sim;2;2;7;6;9854;5;0;3;6;6;11;13;2;2;2027974696;3
47;Não;3;3;8;5;5467;6;7;8;16;9;18;14;7;8;90268183583;2
56;Não;2;3;7;6;5380;5;0;4;6;10;16;11;0;0;14256160013;1
39;Não;3;3;6;5;5151;8;0;1;10;6;25;9;9;10;19478124578;1
38;Não;2;5;6;5;2133;6;11;1;20;8;16;8;7;20;14668411628;2
58;Não;2;3;5;6;17875;4;0;4;29;8;13;21;0;1;75829982383;4
32;Sim;2;2;5;5;2432;6;1;3;8;6;14;5;3;4;51778055097;3
38;Não;3;5;5;5;4771;6;2;2;10;6;19;9;3;5;59743283387;4
49;Não;3;3;5;5;19161;11;4;3;28;4;15;2;3;5;53336084628;4
42;Não;3;5;7;6;5087;5;0;3;14;9;12;12;0;0;70575060744;4
27;Sim;2;3;10;4;2863;12;0;1;1;8;12;22;0;1;68067897075;2
35;Não;3;3;6;6;5561;5;3;0;6;9;16;18;4;5;45559940134;1
28;Não;3;2;6;5;2144;6;3;1;5;8;14;16;4;5;59555791736;3
31;Não;3;5;6;5;3065;6;2;1;4;6;13;3;3;4;92020101513;1
36;Não;3;3;5;5;2810;7;4;1;5;9;22;9;2;5;29459022907;2
34;Não;3;2;7;6;9888;5;8;1;14;8;21;1;1;14;59164464904;4
34;Não;3;5;6;6;8628;5;7;1;9;9;18;13;1;8;73295731616;3
26;Não;3;2;6;5;2867;7;7;0;8;8;13;1;6;7;29718223070;1
29;Não;3;3;5;5;5373;9;3;0;6;8;12;1;2;5;67063695464;1
32;Não;2;5;6;5;6667;9;1;5;9;9;18;15;2;5;16450782467;4
31;Não;3;3;5;5;5003;6;8;1;10;8;21;1;7;10;25655713013;1
28;Sim;3;5;8;5;2367;7;1;5;6;8;12;17;3;4;54712406596;4
38;Não;3;2;5;6;2858;9;0;4;20;8;14;1;0;1;47870237314;1
35;Não;2;3;5;6;5204;5;8;1;10;9;11;7;9;10;82878788297;4
27;Não;3;2;7;6;4105;5;7;1;7;8;14;9;7;7;34364257681;4
32;Não;3;2;5;5;9679;8;0;8;8;9;24;5;0;1;6522366454;4
31;Sim;3;3;7;6;5617;5;7;1;10;9;11;26;8;10;35431711041;4
53;Sim;3;2;5;6;10448;5;2;6;15;9;13;24;2;2;3790353133;1
54;Não;2;3;5;5;2897;6;3;3;9;6;11;9;3;4;35672950277;3
33;Não;3;5;5;5;5968;9;7;1;9;6;20;7;8;9;48087837929;3
43;Não;3;3;5;5;7510;9;9;1;10;8;17;11;9;10;56355743327;3
38;Não;3;3;9;4;2991;12;2;0;7;9;11;1;2;6;45665170450;2
55;Não;3;3;10;4;19636;4;9;4;35;9;18;26;4;10;95657296135;2
31;Não;2;5;6;5;1129;7;0;1;1;4;11;2;0;1;55825902946;4
39;Não;3;2;7;6;13341;5;8;0;21;9;12;15;10;20;9096048606;1
42;Não;3;2;5;5;4332;6;9;1;20;6;12;23;7;20;45803264031;3
31;Não;2;3;6;5;11031;11;7;4;13;8;20;10;8;11;86086074540;3
54;Não;2;2;6;5;4440;8;2;6;9;8;19;10;4;5;1630768864;1
24;Não;3;2;5;5;4617;9;3;1;4;6;12;1;2;4;37864556409;3
23;Não;3;2;9;5;2647;7;2;1;5;6;13;12;4;5;16069278265;4
40;Não;2;3;8;5;6323;7;9;1;10;8;11;11;4;10;70241739408;3
40;Não;2;3;7;6;5677;5;8;3;15;6;14;2;10;11;79960776930;2
25;Não;2;3;10;4;2187;12;0;4;6;8;14;2;2;2;55176174662;2
30;Não;3;3;6;5;3748;7;8;1;12;6;13;1;7;12;7106940867;2
25;Não;3;5;9;5;3977;7;2;6;7;4;19;2;2;2;83268915988;3
47;Não;3;2;6;5;8633;9;14;2;25;8;23;25;11;17;51180531627;3
33;Não;3;5;6;5;2008;7;1;1;1;6;12;1;0;1;28620179748;3
38;Não;3;3;5;6;4440;5;13;0;16;9;15;1;8;15;76074785947;2
31;Não;3;3;5;6;3067;9;2;0;3;6;19;2;2;2;76209827002;3
38;Não;3;3;5;5;5321;8;3;2;10;9;11;6;7;8;59922998800;3
42;Não;3;5;5;5;5410;6;3;6;9;9;17;18;2;4;52924627828;1
41;Não;3;3;5;5;2782;6;3;3;12;8;22;1;0;5;63008050058;4
47;Não;2;3;6;5;11957;11;8;0;14;4;18;1;12;13;38668055347;2
35;Não;3;3;6;5;2660;7;2;7;5;9;11;11;2;2;26087936457;3
22;Não;3;2;5;5;3375;6;2;0;4;6;12;1;2;3;6528797513;3
35;Não;3;2;6;5;5098;6;7;1;10;9;19;9;8;10;7099990657;3
33;Não;2;3;6;5;4878;9;7;0;10;6;13;15;1;9;92236175995;4
32;Não;2;2;5;5;2837;7;2;1;6;9;13;29;1;6;50127128113;2
40;Não;3;3;5;5;2406;7;0;8;8;9;19;1;0;1;61376045669;4
32;Não;3;3;6;6;2269;9;2;0;3;9;14;1;2;2;5040052817;2
39;Não;3;2;5;5;4108;6;7;7;18;4;13;24;7;7;69509371922;4
38;Não;2;3;6;5;13206;11;16;3;20;8;12;10;11;18;30762495129;3
32;Não;2;3;7;6;10422;5;10;1;14;9;19;1;7;14;66808193239;4
37;Não;2;3;5;5;13744;11;11;1;16;8;25;10;8;16;37672038870;4
25;Não;2;5;9;6;4907;5;3;0;6;6;22;8;4;5;57759925463;3
52;Não;3;5;5;6;3482;9;8;2;16;9;15;29;0;9;15113482505;4
44;Não;3;2;6;5;2436;6;3;6;6;8;12;1;2;4;40969492488;4
21;Não;3;2;6;6;2380;9;2;1;2;4;11;5;2;2;41983561032;1
39;Não;3;2;5;5;19431;4;0;2;21;8;13;9;3;6;90498927399;4
23;Sim;3;3;7;6;1790;9;0;1;1;8;19;9;0;1;97711319257;1
36;Não;2;3;6;6;7644;5;7;0;10;8;19;3;4;9;28614001367;4
36;Não;2;5;5;5;5131;8;2;7;18;6;13;4;2;4;15260914478;2
56;Não;3;5;5;5;6306;9;12;1;13;9;21;1;9;13;6939910778;3
29;Sim;3;3;6;5;4787;6;2;9;4;9;14;1;2;2;97196785117;4
42;Não;3;3;5;5;18880;4;6;5;24;8;11;2;14;22;85431007334;3
56;Sim;3;3;8;5;2339;7;9;8;14;6;11;7;8;10;23541711951;3
41;Não;2;3;5;5;13570;8;7;0;21;9;23;28;10;20;77527669740;2
34;Não;2;3;7;6;6712;5;7;1;8;8;21;28;7;8;82753830364;3
36;Não;3;5;7;6;5406;5;12;1;15;9;24;15;11;15;26983309092;4
41;Não;3;5;5;6;8938;5;4;2;14;8;11;3;4;5;34746745678;2
32;Não;3;2;8;5;2439;6;2;1;4;8;14;2;2;4;55225414552;1
35;Não;2;2;5;4;8837;12;0;1;9;9;16;26;7;9;18077695988;4
38;Não;2;3;5;6;5343;5;7;1;10;6;11;10;9;10;97661599758;4
50;Sim;3;5;5;6;6728;5;3;7;12;9;12;1;1;6;99469363082;3
36;Não;2;3;7;6;6652;5;3;4;8;9;13;11;0;6;95065052374;4
45;Não;2;2;5;6;4850;5;3;8;8;8;15;20;1;5;20976630059;3
40;Não;3;2;5;5;2809;6;2;2;8;9;14;2;2;2;39047169316;3
35;Não;3;3;5;5;5689;9;2;1;10;9;14;18;2;10;31843898468;3
40;Não;2;3;6;5;2001;6;3;2;20;9;14;2;2;5;94322991961;3
35;Não;2;3;5;5;2977;6;3;1;4;9;12;1;1;4;57332712670;4
29;Não;3;3;9;5;4025;7;3;4;10;6;13;13;3;4;38090466746;2
29;Não;2;2;6;5;3785;6;4;1;5;9;14;28;4;5;95209547477;1
50;Sim;3;5;7;6;10854;5;2;4;20;8;13;28;0;3;62705641909;1
39;Não;2;3;7;6;12031;5;9;0;21;4;11;24;6;20;74213158702;4
31;Não;3;2;6;5;9936;8;4;0;10;8;19;5;7;9;72189635174;1
26;Não;2;2;9;6;2966;9;2;0;5;8;18;5;0;4;18809320;3
36;Não;3;3;6;5;2571;7;2;4;17;6;17;23;3;5;17870074039;4
39;Não;3;3;6;5;9991;9;7;4;9;4;15;6;7;7;1643457238;1
27;Não;3;3;5;5;6142;8;2;1;6;8;20;4;3;6;64590857558;2
49;Não;3;3;6;6;5390;5;6;2;17;8;14;2;8;9;880860641;2
34;Não;3;3;6;5;4404;7;3;2;6;8;12;8;2;4;27799081097;3
